id,first_name,last_name,email,Password,gender,married,DOB,Budget,ip_address,Language
1,Lauryn,Dowers,ldowers0@answers.com,QZ4ZMy,Bigender,false,07.09.1986,46 PLN,48.92.191.185,Croatian
2,Gregorius,Jouanet,gjouanet1@nifty.com,zIwyUn,Genderqueer,true,16.02.1999,51 PLN,33.253.6.73,New Zealand Sign Language
3,Nollie,Everard,neverard2@google.co.uk,cucmv8P4lJ,Genderqueer,true,13.04.1997,51 PLN,51.255.58.202,Kyrgyz
4,Francine,Mitrikhin,fmitrikhin3@hibu.com,aGnoyHs7S,Genderfluid,true,08.04.1984,33 PLN,184.141.238.198,Italian
5,Perla,Badwick,pbadwick4@linkedin.com,VZ7pOw,Polygender,false,17.08.1991,71 PLN,73.207.255.121,Montenegrin
6,Rip,Pyecroft,rpyecroft5@youtube.com,yDLfeE9FCm,Female,true,23.03.2008,92 PLN,168.85.165.207,Indonesian
7,Zacharias,Daymont,zdaymont6@netscape.com,SlQTxo,Male,true,26.06.2009,33 PLN,19.138.174.236,Portuguese
8,Samuel,Dran,sdran7@smugmug.com,cMnKgs04o,Genderfluid,false,03.09.2020,61 PLN,85.196.136.58,Kurdish
9,Minnie,Jaine,mjaine8@hugedomains.com,4z3yGIU7,Agender,false,17.12.2008,39 PLN,139.13.103.175,Finnish
10,Melissa,Goddard,mgoddard9@tinyurl.com,yYLMERBrwBC,Polygender,false,05.07.1998,80 PLN,245.115.105.190,Spanish
11,Bathsheba,Huller,bhullera@princeton.edu,dC3bhdnzT,Agender,false,08.10.2011,36 PLN,187.220.134.223,Ndebele
12,Haleigh,McTerlagh,hmcterlaghb@geocities.jp,lCfS8HT6,Bigender,true,29.11.1991,75 PLN,67.58.100.205,Kazakh
13,Jacquelyn,Sarfati,jsarfatic@clickbank.net,znXZjmEngF9y,Female,false,02.08.1985,4 PLN,224.141.115.233,Yiddish
14,Benita,Becke,bbecked@gnu.org,nU5IxIyPlX5h,Polygender,true,21.04.2016,45 PLN,101.35.93.3,Danish
15,Clarabelle,Rawles,crawlese@buzzfeed.com,Bgtp2rCX0Q3F,Bigender,true,05.10.1999,20 PLN,101.21.1.89,Irish Gaelic
16,Alasteir,Kleiser,akleiserf@liveinternet.ru,g0XZUCq,Genderqueer,true,11.04.1997,49 PLN,161.236.51.87,Zulu
17,Shurlocke,Chittie,schittieg@xrea.com,siphLFEpfxt,Bigender,false,17.09.2012,37 PLN,133.160.73.16,Chinese
18,Durant,Sprey,dspreyh@miibeian.gov.cn,3mTllUhs,Agender,false,09.11.1983,98 PLN,166.101.98.199,Catalan
19,Teodora,Mowling,tmowlingi@senate.gov,6lYvqbK5u2,Non-binary,true,08.04.1992,73 PLN,103.64.146.128,Māori
20,Derrick,Sheryne,dsherynej@nymag.com,io9PFc,Non-binary,true,12.04.2016,79 PLN,199.85.178.202,Bulgarian
21,Emmit,Tattersfield,etattersfieldk@prweb.com,e8Eeomo,Female,false,27.06.1996,63 PLN,229.154.44.237,Māori
22,Elenore,Ledward,eledwardl@gnu.org,oGLQlJkkY,Polygender,true,23.06.2002,65 PLN,151.65.237.29,Ndebele
23,Hayward,Matas,hmatasm@icq.com,8FX5vH,Bigender,true,01.10.1995,34 PLN,214.236.54.58,Tsonga
24,Arch,Probetts,aprobettsn@google.ca,lOFd7XmHwO,Agender,false,21.07.2018,33 PLN,17.214.21.23,Amharic
25,Ethe,Fairrie,efairrieo@fema.gov,vEpdvh5Vdev,Genderfluid,false,04.10.1993,14 PLN,251.169.206.24,Fijian
26,Artemis,Joao,ajoaop@boston.com,huvidhlB3uQ,Genderqueer,false,26.11.2007,82 PLN,173.123.224.63,Arabic
27,Vinson,Rogger,vroggerq@go.com,J3RbWbnsxjk,Non-binary,false,14.12.1986,70 PLN,62.238.167.82,Swati
28,Glendon,Sekulla,gsekullar@globo.com,0Ui3DOcgs,Agender,false,16.10.2008,16 PLN,201.251.213.191,Kyrgyz
29,Nanice,Tolson,ntolsons@pagesperso-orange.fr,Uav3OOUrtxK4,Agender,true,26.02.1986,100 PLN,75.214.144.31,Somali
30,Loy,Ackred,lackredt@dmoz.org,dN7ay3Ktd,Bigender,false,19.12.2015,36 PLN,82.151.197.163,Dari
31,Hew,Duckit,hduckitu@creativecommons.org,AaAqwHO2eoD,Male,false,19.07.2017,67 PLN,93.47.123.152,Hindi
32,Nolan,Rottger,nrottgerv@statcounter.com,0e93PYj,Non-binary,false,19.03.1982,68 PLN,124.18.156.215,Burmese
33,Elva,Roselli,eroselliw@hhs.gov,PnajeBXFB6A,Bigender,false,04.03.1989,95 PLN,234.70.54.227,Khmer
34,Stephine,Deer,sdeerx@drupal.org,OhlrG4Rael,Agender,true,27.03.1997,45 PLN,78.6.65.176,Tamil
35,Nolana,Knibb,nknibby@senate.gov,S3OyRC9,Genderfluid,true,02.07.2016,69 PLN,112.218.116.187,Ndebele
36,Sunshine,Binks,sbinksz@disqus.com,AmHk8yxC5cR,Female,true,30.12.2005,98 PLN,109.186.107.251,Lao
37,Frasco,Harbach,fharbach10@vinaora.com,AzGAATmq67,Bigender,true,13.04.2008,62 PLN,112.179.118.215,Mongolian
38,Raphaela,Gaitskell,rgaitskell11@comsenz.com,1By5aTm,Male,false,17.12.1992,68 PLN,97.41.56.202,Bulgarian
39,Maurise,Cluet,mcluet12@bloglines.com,iVemSK,Polygender,true,07.10.1993,85 PLN,81.198.172.91,Pashto
40,Pet,Taysbil,ptaysbil13@theguardian.com,ODzVLiANuinH,Agender,true,26.09.2001,82 PLN,15.189.246.94,Quechua
41,Sigfried,Bordis,sbordis14@usgs.gov,Wpk4e8FlHyO,Genderqueer,false,20.01.2000,99 PLN,126.141.138.250,Somali
42,Gonzales,Scimone,gscimone15@dailymotion.com,j27UNMq,Bigender,false,09.10.2004,39 PLN,14.157.25.179,Portuguese
43,Quent,Ebsworth,qebsworth16@mac.com,rKNXyFoRpq,Non-binary,true,06.02.2019,47 PLN,187.110.43.87,Dzongkha
44,Simone,Mingus,smingus17@nifty.com,iOHdi5E8,Male,false,25.01.2000,63 PLN,4.202.246.6,Dari
45,Gael,Ledwith,gledwith18@skype.com,iXGbb0pBsn,Female,true,06.01.1985,66 PLN,161.24.195.238,Mongolian
46,Kippie,Ragles,kragles19@ning.com,GT7KOAbRFZb,Polygender,true,28.06.1986,69 PLN,238.229.103.24,Assamese
47,Derick,Jannasch,djannasch1a@elegantthemes.com,4pzzi5,Genderfluid,false,04.07.1989,75 PLN,231.107.207.174,Kashmiri
48,Donnie,Gadie,dgadie1b@mediafire.com,btb8vG3c,Bigender,true,20.02.2020,44 PLN,15.215.133.23,Assamese
49,Lyndsey,Critchley,lcritchley1c@patch.com,PHXCkq1DEN,Female,true,02.10.2012,1 PLN,66.209.151.89,Oriya
50,Jessa,Hulme,jhulme1d@umn.edu,V1Q0hS,Bigender,true,08.10.1984,84 PLN,183.24.49.61,Yiddish
51,Woodrow,Trimble,wtrimble1e@homestead.com,HsdyBB,Female,false,08.03.1994,73 PLN,29.47.7.236,Kyrgyz
52,Jean,Giacomucci,jgiacomucci1f@mozilla.org,AtmPHEJ5Xyb,Genderfluid,false,13.05.1987,13 PLN,160.165.133.203,Quechua
53,Maynord,Williams,mwilliams1g@sciencedaily.com,AhEVH8iBkRr,Non-binary,true,19.06.2001,57 PLN,238.4.12.197,Aymara
54,Vaughan,Lisciandri,vlisciandri1h@51.la,Je9bE15gto,Female,false,08.10.2012,99 PLN,123.8.131.141,Kyrgyz
55,Thorndike,MacCoughen,tmaccoughen1i@mtv.com,FuQV6n9L,Female,false,14.03.1991,26 PLN,79.162.121.243,Lao
56,Fitz,Ambler,fambler1j@telegraph.co.uk,6C0h4XhSST,Male,false,15.11.2017,64 PLN,233.214.51.90,Tetum
57,Camila,Azam,cazam1k@de.vu,iTnEbi1g2U,Male,false,06.09.1995,44 PLN,89.243.92.35,Lithuanian
58,Ruthanne,Kilford,rkilford1l@google.com,s3tdScS9UriV,Bigender,true,23.02.1981,34 PLN,115.63.124.175,Dhivehi
59,Cello,Edgecombe,cedgecombe1m@wordpress.org,iDElFjfw4p3w,Genderqueer,true,10.03.2016,46 PLN,202.204.195.61,Mongolian
60,Lishe,Klempke,lklempke1n@storify.com,NWVPQ6z9a,Genderqueer,false,20.03.2012,25 PLN,235.184.155.13,Swahili
61,Jeth,Pilger,jpilger1o@skyrock.com,fJYc32mfc,Polygender,false,12.10.1993,67 PLN,194.184.106.103,Bosnian
62,Dion,Fawbert,dfawbert1p@weather.com,KId2Q0w0,Non-binary,true,23.08.1986,60 PLN,21.123.171.12,Tajik
63,Katleen,Nealand,knealand1q@census.gov,3Lym0KFunzjD,Genderfluid,true,25.01.1981,23 PLN,226.242.20.11,Polish
64,Barrie,Garriock,bgarriock1r@imageshack.us,roVZgZka,Female,false,13.02.2000,41 PLN,193.76.76.52,Haitian Creole
65,Gabe,Jephson,gjephson1s@amazon.de,hdI6SSfa7uI2,Genderfluid,true,14.07.1998,91 PLN,150.76.252.231,Chinese
66,Guglielmo,De Nisco,gdenisco1t@gmpg.org,xZKRs6t,Male,false,27.09.2017,22 PLN,242.103.60.4,Belarusian
67,Calhoun,Wildman,cwildman1u@yellowpages.com,nD3woUDfC,Polygender,false,28.08.2000,18 PLN,202.229.114.39,Kyrgyz
68,Mella,Attwell,mattwell1v@answers.com,TMGTA2SlKM,Agender,false,11.11.2017,35 PLN,8.225.107.235,Kashmiri
69,Fanya,Chantler,fchantler1w@barnesandnoble.com,FgaojK,Male,true,15.06.2001,68 PLN,247.208.161.152,Danish
70,Charlotta,Burnett,cburnett1x@ox.ac.uk,io1X0tZ,Female,true,18.11.2012,34 PLN,101.33.131.99,Mongolian
71,Ronnica,Gillcrist,rgillcrist1y@youku.com,ILkEuqc,Female,false,05.03.2017,40 PLN,224.152.180.102,Catalan
72,Levi,Mary,lmary1z@gnu.org,WLSZkr1z,Agender,true,24.07.2020,28 PLN,172.10.167.41,Kashmiri
73,Shellie,Sired,ssired20@over-blog.com,2oJtYsk4VPTf,Male,true,09.05.2001,100 PLN,107.88.95.47,Romanian
74,Jeremy,Benediktovich,jbenediktovich21@weibo.com,mCjA900,Female,true,25.06.2008,13 PLN,151.77.44.226,Filipino
75,Meryl,Everil,meveril22@china.com.cn,vmsMaIu,Male,false,21.08.2007,41 PLN,51.76.24.47,Punjabi
76,Blanche,Spensly,bspensly23@multiply.com,cpD1fxeV7rWa,Male,true,25.12.1982,100 PLN,77.223.151.8,Macedonian
77,Pippa,Vedenyakin,pvedenyakin24@imageshack.us,BgkU6Ns,Genderfluid,false,11.08.1982,12 PLN,130.185.220.248,Swati
78,Whitney,Greschik,wgreschik25@edublogs.org,w5vGy02950E,Non-binary,true,27.03.2019,15 PLN,12.4.6.202,Moldovan
79,Wolfy,Allain,wallain26@scientificamerican.com,FXmPzLjEC0,Bigender,false,02.09.2011,93 PLN,3.77.49.174,Maltese
80,Farleigh,Borsay,fborsay27@jugem.jp,gNrhUaon4,Polygender,false,04.02.2014,72 PLN,235.128.101.189,Czech
81,Bobbye,Loines,bloines28@furl.net,OHsWewgS,Agender,false,13.03.2008,4 PLN,115.205.202.159,Albanian
82,Sella,Blose,sblose29@qq.com,b6SIMY5Zp,Genderfluid,true,28.01.1989,40 PLN,9.107.12.209,Somali
83,Rene,Harroway,rharroway2a@va.gov,5BCw2rfR,Genderfluid,false,09.11.1989,51 PLN,193.230.130.104,Italian
84,Marylin,Alyonov,malyonov2b@webnode.com,h0OEk5a,Genderfluid,false,13.02.2002,37 PLN,142.165.18.71,Northern Sotho
85,Shurwood,Durrell,sdurrell2c@stumbleupon.com,A11remUaMW5,Polygender,false,13.11.1991,42 PLN,166.192.156.126,Lao
86,Jeniffer,Flasby,jflasby2d@wufoo.com,IQDK4OE,Female,true,04.12.1996,94 PLN,153.6.186.126,Aymara
87,Rici,Maletratt,rmaletratt2e@virginia.edu,rIlAahJ4u4,Agender,true,08.01.2003,8 PLN,100.45.255.182,Dhivehi
88,Farris,Decker,fdecker2f@list-manage.com,nB2iZQ9Af0,Female,false,04.10.2005,5 PLN,12.255.167.22,Arabic
89,Cy,Doodney,cdoodney2g@booking.com,kCx39lzF3F5I,Male,false,24.10.1993,31 PLN,84.40.4.37,Moldovan
90,Bonnee,Natte,bnatte2h@yellowpages.com,bVUPwWH6PY,Genderqueer,true,24.09.1993,49 PLN,85.79.143.99,Hungarian
91,Andris,Schultze,aschultze2i@hibu.com,mPzjxWe30N,Non-binary,true,30.04.1988,79 PLN,195.41.165.165,Danish
92,L;urette,Bichard,lbichard2j@cdc.gov,WW5N868,Male,false,26.03.2015,81 PLN,95.181.227.200,Tsonga
93,Misti,Cousans,mcousans2k@columbia.edu,1wWsQ5z,Agender,false,06.08.1991,27 PLN,138.232.53.93,Zulu
94,Tabatha,Olohan,tolohan2l@rediff.com,MklAjhJ2Ls,Non-binary,true,01.12.2019,45 PLN,192.168.195.235,Italian
95,Chrisy,Baughn,cbaughn2m@icq.com,s66pFe0H,Genderfluid,true,07.11.1996,78 PLN,21.7.66.229,Lao
96,Fitz,cornhill,fcornhill2n@yale.edu,QyJgdtC,Non-binary,false,27.06.1999,76 PLN,73.57.27.66,Portuguese
97,Morena,Culpen,mculpen2o@twitter.com,EIXJVi02Fi,Bigender,true,22.11.1983,84 PLN,61.197.93.97,Yiddish
98,Bridget,Eddy,beddy2p@ustream.tv,xyIqagN,Male,false,31.03.2003,82 PLN,229.249.210.59,Portuguese
99,Ezechiel,Gowthorpe,egowthorpe2q@deliciousdays.com,CFwITP85Omt,Male,true,18.08.2002,80 PLN,33.246.28.251,Hungarian
100,Sunshine,Bromidge,sbromidge2r@techcrunch.com,HEC0KyYn1Be,Female,false,04.04.1992,61 PLN,102.172.141.46,French
101,Jdavie,Hancill,jhancill2s@microsoft.com,Yv52PMo,Agender,false,25.08.2009,28 PLN,175.229.70.99,Albanian
102,Leena,Vergine,lvergine2t@time.com,oAbhuMvZXw,Genderfluid,true,12.03.1998,74 PLN,165.243.220.7,Aymara
103,Abeu,Carnaman,acarnaman2u@issuu.com,sZlAyGvA2,Genderfluid,true,30.03.1994,19 PLN,22.223.97.249,Maltese
104,Bendix,Worster,bworster2v@hostgator.com,qrht9XE,Genderfluid,false,25.12.2003,26 PLN,64.59.212.87,Filipino
105,Dal,Sirmond,dsirmond2w@shutterfly.com,dMAN0CO1A0L,Female,false,18.11.2021,69 PLN,160.65.147.195,Malagasy
106,Nikoletta,Bygrove,nbygrove2x@nps.gov,mgertQlSMgfu,Non-binary,true,08.11.1995,59 PLN,166.31.150.156,Dari
107,Lory,Pywell,lpywell2y@xinhuanet.com,7YMPA5gEJEah,Bigender,true,20.05.1981,45 PLN,196.197.224.29,Bulgarian
108,Dorey,Posselt,dposselt2z@unesco.org,M4SwYm,Genderqueer,false,17.02.2003,3 PLN,223.61.174.210,Mongolian
109,Suzi,Kubas,skubas30@istockphoto.com,gF2VLFj,Genderqueer,true,06.03.2009,95 PLN,114.158.45.22,Gagauz
110,Farrand,Herley,fherley31@gravatar.com,sUcaecif,Genderqueer,true,18.01.1990,70 PLN,85.152.233.169,German
111,Cristian,Tremayne,ctremayne32@hibu.com,c1osJkf45GU,Agender,true,28.02.1997,68 PLN,68.20.47.191,Somali
112,Mead,Hawes,mhawes33@java.com,eoarGlFDsVLC,Genderqueer,true,15.08.1998,28 PLN,117.85.210.120,Ndebele
113,Bethanne,Dregan,bdregan34@pagesperso-orange.fr,2gwJ7wi,Polygender,false,14.11.2001,57 PLN,254.17.61.242,Haitian Creole
114,Desiri,Clouter,dclouter35@loc.gov,NSEEM0lhhrr,Agender,true,11.11.1992,4 PLN,150.131.241.77,Persian
115,Shelby,Hadlington,shadlington36@tinypic.com,o5o3yNj1uqCc,Male,true,13.12.1993,50 PLN,49.209.185.183,Danish
116,Teressa,Gellibrand,tgellibrand37@gnu.org,GMkFwzAk,Polygender,true,17.08.2019,47 PLN,152.255.177.202,Haitian Creole
117,Lynne,Beddard,lbeddard38@epa.gov,myly09av6Ni,Female,false,09.09.1986,10 PLN,16.26.88.109,English
118,Davina,Buckthought,dbuckthought39@admin.ch,J3CYOTGIXDk,Genderqueer,true,27.02.2005,53 PLN,80.87.94.114,Swedish
119,Alena,Beetham,abeetham3a@histats.com,pfslol,Non-binary,true,11.08.2002,17 PLN,5.184.117.100,Bulgarian
120,Jamaal,Shelmerdine,jshelmerdine3b@army.mil,jb9V3OhL3TCy,Agender,false,23.01.2013,4 PLN,251.234.133.63,Hebrew
121,Hestia,Iacobini,hiacobini3c@columbia.edu,qntnlScu,Female,true,17.08.1997,36 PLN,62.133.134.54,Hebrew
122,Sollie,Brownlow,sbrownlow3d@apache.org,q9tr0HoP24X,Male,true,08.09.2006,28 PLN,24.200.130.53,Chinese
123,Marge,Rubinowicz,mrubinowicz3e@lulu.com,9uJhd4WMzT,Bigender,false,07.08.2000,12 PLN,120.163.116.79,Macedonian
124,Violante,Parcall,vparcall3f@wikimedia.org,Tvj4mwAoJKG,Genderfluid,false,15.09.2001,56 PLN,255.106.5.160,Italian
125,Townsend,Greatex,tgreatex3g@yellowbook.com,vqiwni,Bigender,true,11.07.1994,19 PLN,189.19.187.96,Dzongkha
126,Seward,Bail,sbail3h@va.gov,g0Z3k1x,Agender,true,15.01.1996,3 PLN,70.108.99.23,Kurdish
127,Ginni,Kinch,gkinch3i@addtoany.com,TnzF4b9T74,Polygender,false,31.08.2013,17 PLN,3.7.30.49,Bislama
128,Cristobal,Klewi,cklewi3j@delicious.com,vcZsv9iuAoF,Male,false,22.02.1991,84 PLN,247.67.28.163,Zulu
129,Mattias,Kesey,mkesey3k@who.int,9dPD9w,Agender,true,07.07.1997,70 PLN,109.42.1.144,Fijian
130,Suzanna,Pomroy,spomroy3l@google.com.hk,DTYN2odpelOx,Male,false,03.05.2010,52 PLN,32.69.251.49,Korean
131,Beale,Fitkin,bfitkin3m@nytimes.com,8RaIMFF,Agender,true,07.06.1992,25 PLN,178.1.242.234,Latvian
132,Gill,Timby,gtimby3n@hhs.gov,59A1v6ButT,Female,false,09.08.1985,6 PLN,129.246.235.54,Tamil
133,Darill,Parlett,dparlett3o@icio.us,ibsFUMO,Polygender,true,07.01.1981,43 PLN,228.240.199.43,Amharic
134,Ivonne,Goodram,igoodram3p@unesco.org,LHEHb1KLZj,Female,true,14.06.1996,42 PLN,51.40.91.206,Japanese
135,Cully,Sworder,csworder3q@ed.gov,rxMyhF,Female,true,15.07.2008,19 PLN,92.29.136.210,Montenegrin
136,Florry,O'Lennane,folennane3r@nps.gov,cpIUJVTa7i,Polygender,true,11.10.2019,84 PLN,18.205.105.79,Maltese
137,Amandi,Garza,agarza3s@chron.com,etlAnPXa,Polygender,true,22.03.2016,2 PLN,153.249.59.40,Somali
138,Chrissie,Tokell,ctokell3t@studiopress.com,9a5xwE,Polygender,false,08.03.1987,16 PLN,133.133.133.224,Burmese
139,Susy,Jayne,sjayne3u@abc.net.au,ut0UhecY,Non-binary,false,07.08.1998,81 PLN,151.43.146.98,Hungarian
140,Ara,Cordobes,acordobes3v@ycombinator.com,xWmmVYy8,Genderqueer,true,05.05.2005,37 PLN,229.44.66.99,Burmese
141,Masha,Tomaino,mtomaino3w@china.com.cn,5mAyRCOx9,Genderqueer,false,28.02.1981,100 PLN,11.50.5.36,Maltese
142,Mirabella,Chrishop,mchrishop3x@census.gov,fuZv6weZCYFJ,Genderfluid,true,19.12.2014,5 PLN,2.81.225.113,Moldovan
143,Lori,Peartree,lpeartree3y@amazon.de,ovaAiacPG,Genderfluid,false,09.04.2013,28 PLN,149.21.218.43,Tsonga
144,Morse,Elderbrant,melderbrant3z@yellowpages.com,B2VueElZk6I5,Genderqueer,false,06.08.2000,24 PLN,47.57.135.168,Swahili
145,Odessa,Tuxill,otuxill40@bbc.co.uk,BDTlelPq3hK,Bigender,true,25.06.2004,73 PLN,13.247.71.59,Catalan
146,Carson,Ogley,cogley41@paginegialle.it,mqEMN502,Genderqueer,true,31.03.1986,100 PLN,202.173.29.176,Luxembourgish
147,Lorant,Bartoshevich,lbartoshevich42@slashdot.org,z2uTa8jgv,Male,true,28.11.2009,63 PLN,168.204.246.18,Persian
148,Arluene,Plaskett,aplaskett43@friendfeed.com,fsiHddc,Bigender,false,29.12.1992,87 PLN,255.183.54.151,Punjabi
149,Samuele,Kettleson,skettleson44@weebly.com,QmMj1r4,Agender,true,30.05.2000,46 PLN,136.165.59.112,Kannada
150,Sukey,Trewartha,strewartha45@auda.org.au,KZZPrjX2,Polygender,false,09.01.1985,90 PLN,167.71.132.200,Gujarati
151,Guy,Scase,gscase46@barnesandnoble.com,gyD5uuC3iI,Genderfluid,false,21.03.2003,88 PLN,135.48.180.216,Assamese
152,Pail,Carass,pcarass47@thetimes.co.uk,2GNReZaX,Non-binary,false,04.11.2007,85 PLN,66.211.77.212,Luxembourgish
153,Sheffy,Botler,sbotler48@hp.com,9bFrf5,Genderqueer,false,15.11.2019,57 PLN,180.28.254.95,Tswana
154,Lezlie,Vondrys,lvondrys49@ed.gov,4Q7JcxWBgC,Male,false,21.11.1991,84 PLN,175.108.188.254,Armenian
155,Deeyn,Najera,dnajera4a@netlog.com,8F0VaRWTv,Agender,true,17.07.1994,61 PLN,173.215.40.232,Kannada
156,Inez,McKmurrie,imckmurrie4b@usnews.com,HrUhwgWo4bxh,Bigender,false,18.03.1986,100 PLN,47.143.87.23,Persian
157,Shane,Lesaunier,slesaunier4c@wikipedia.org,HpTdzjtYlq,Non-binary,false,18.06.1995,86 PLN,84.188.27.221,Filipino
158,Nikkie,Pound,npound4d@1688.com,qmTjHa6OU,Genderqueer,false,25.12.1985,16 PLN,126.130.99.25,Dhivehi
159,Anne-marie,Dreus,adreus4e@admin.ch,IRtoEEYt,Agender,true,18.05.2007,86 PLN,193.173.97.201,Tswana
160,Hertha,Buglass,hbuglass4f@smh.com.au,w1VppYlzNLQ7,Polygender,true,02.07.2000,65 PLN,87.20.120.62,Quechua
161,Alanah,Esplin,aesplin4g@hubpages.com,XMp0HPi,Polygender,true,17.01.1995,82 PLN,64.102.197.9,Maltese
162,Louie,Loomes,lloomes4h@geocities.com,IDWBf18XUniH,Agender,true,21.04.2017,79 PLN,3.175.102.111,Chinese
163,Clay,Kedward,ckedward4i@google.es,iF7Qoo,Genderfluid,true,21.02.2005,93 PLN,95.131.75.153,Punjabi
164,Benni,Collins,bcollins4j@sina.com.cn,qkHFUL4a,Non-binary,true,03.09.2007,55 PLN,95.175.25.241,Hindi
165,Dulcy,Kloster,dkloster4k@purevolume.com,Ul9zfYDQM1,Female,true,07.09.1997,13 PLN,158.37.31.198,Kyrgyz
166,Katina,MacCafferty,kmaccafferty4l@goo.gl,XtdX1bHkrNF,Polygender,true,23.05.2001,35 PLN,241.166.139.216,Czech
167,Gustav,Hayles,ghayles4m@youtu.be,f3AfPPEp,Agender,false,22.03.2012,38 PLN,200.154.98.221,Māori
168,Jolyn,Tuohy,jtuohy4n@thetimes.co.uk,09ERVYr,Polygender,false,15.01.2004,67 PLN,106.48.46.204,Icelandic
169,Lek,Kenaway,lkenaway4o@photobucket.com,EVQnbNoEFxo,Bigender,false,10.02.2016,33 PLN,216.205.184.9,Kyrgyz
170,Roseann,Baildon,rbaildon4p@xrea.com,erdclGs,Genderqueer,false,14.05.1996,51 PLN,10.52.126.15,Dari
171,Ryann,Whiteway,rwhiteway4q@xrea.com,tGNQW4nroe,Genderqueer,false,05.03.2015,74 PLN,45.162.201.88,Polish
172,Brooks,Clarkson,bclarkson4r@etsy.com,SAfFodF5,Genderfluid,false,11.09.2004,58 PLN,156.100.102.235,Greek
173,Trumann,Killwick,tkillwick4s@biblegateway.com,TKkpgy7cKS,Genderfluid,true,21.05.2011,95 PLN,75.196.167.197,Bislama
174,Emilia,Colthard,ecolthard4t@constantcontact.com,JcW4Qqd,Genderfluid,false,01.04.1983,30 PLN,221.212.59.171,Kannada
175,Kerianne,Billingham,kbillingham4u@npr.org,2P6glULskI,Female,true,13.12.1986,61 PLN,129.222.210.66,Assamese
176,Say,Simnor,ssimnor4v@yolasite.com,KxsSwT,Non-binary,false,03.06.2018,40 PLN,14.19.240.138,Papiamento
177,Tamra,Groundwator,tgroundwator4w@tumblr.com,9vBtlHgl,Genderqueer,true,19.07.2018,33 PLN,102.59.179.54,Yiddish
178,Silvester,Terrill,sterrill4x@mozilla.com,8kLFIY60t,Genderqueer,true,24.05.1985,38 PLN,0.96.235.15,Tajik
179,Trever,Kinkade,tkinkade4y@usatoday.com,88NAmu,Female,true,13.11.2005,9 PLN,210.245.188.139,Yiddish
180,Terrie,Vinau,tvinau4z@tmall.com,ZnERS6XWNkOj,Non-binary,false,04.10.1990,76 PLN,118.124.160.216,Bengali
181,Thornton,Gerber,tgerber50@huffingtonpost.com,rJ47CVu,Polygender,true,10.01.1985,86 PLN,193.143.167.112,Croatian
182,Harriott,Haire,hhaire51@sfgate.com,wVvdsj,Non-binary,true,11.04.1996,9 PLN,84.66.48.114,Aymara
183,Colman,Gouldstone,cgouldstone52@free.fr,9AsVOnooUmU0,Genderfluid,true,13.11.2004,61 PLN,156.222.87.73,Kazakh
184,Raoul,Stobbie,rstobbie53@edublogs.org,xB9HjFAC1DcO,Male,false,19.08.1994,45 PLN,227.236.105.101,Swati
185,Brian,Kermannes,bkermannes54@reverbnation.com,sWM0jjVO,Bigender,true,21.06.2009,64 PLN,137.237.210.105,Papiamento
186,Rebeka,Kither,rkither55@yellowbook.com,Qa6e4Lk2q,Non-binary,true,09.10.1994,63 PLN,89.98.44.201,Montenegrin
187,Patrick,McElhargy,pmcelhargy56@naver.com,kxPxvfGW,Genderqueer,true,21.05.1999,56 PLN,245.135.245.229,Swati
188,Spike,Hurdiss,shurdiss57@cmu.edu,Aq4tSaiYY2,Agender,true,15.10.1990,38 PLN,116.227.81.190,Kyrgyz
189,Fax,Weiss,fweiss58@squidoo.com,FTiRxsD,Non-binary,true,18.08.2012,53 PLN,35.235.143.238,Nepali
190,Pedro,Ekless,pekless59@about.com,ndSgeDJXg0ln,Non-binary,false,12.07.1990,47 PLN,39.118.227.94,Bislama
191,Dorie,Pascall,dpascall5a@baidu.com,3V1r8Nx4gy2V,Male,true,16.08.2013,9 PLN,153.77.167.3,Albanian
192,Obadiah,McCowan,omccowan5b@digg.com,CtHjMgcmXiCf,Female,false,17.05.2001,49 PLN,70.23.130.60,Korean
193,Walt,Pentercost,wpentercost5c@utexas.edu,ZW4OOq,Non-binary,true,23.08.1994,37 PLN,142.216.5.89,Spanish
194,Cordey,Scourfield,cscourfield5d@icq.com,cQYeAYs,Polygender,true,12.07.2011,84 PLN,95.110.105.182,Finnish
195,Estevan,Thurgood,ethurgood5e@admin.ch,v3B6Z3FwYR,Polygender,true,01.05.2011,2 PLN,72.223.235.206,Papiamento
196,Gasparo,Crumly,gcrumly5f@fotki.com,uuZVLdX56,Female,false,23.07.2003,37 PLN,39.14.16.41,Luxembourgish
197,Leland,Barnaby,lbarnaby5g@bloglines.com,oAhunJjdkIu,Polygender,false,25.01.2006,48 PLN,100.174.127.147,Finnish
198,Joly,Giamelli,jgiamelli5h@cmu.edu,mqiF8GsQDH,Polygender,true,06.08.2003,48 PLN,121.151.153.184,Yiddish
199,Parry,Deek,pdeek5i@phoca.cz,BykTHO,Genderqueer,true,11.11.2005,83 PLN,245.77.108.143,Azeri
200,Mara,Iacovino,miacovino5j@friendfeed.com,Y6RSaSYhR,Genderfluid,false,29.09.2018,50 PLN,115.129.243.150,Kashmiri
201,Angelo,Jaskowicz,ajaskowicz5k@tamu.edu,Q5mkbFPjbLRF,Agender,true,19.06.2009,75 PLN,226.14.172.130,Tswana
202,Courtnay,Skates,cskates5l@reddit.com,EBZrTu1,Bigender,true,24.11.1986,38 PLN,138.132.230.224,Zulu
203,Robinetta,Whetland,rwhetland5m@baidu.com,C6SHwTUUf,Non-binary,false,18.10.1988,52 PLN,49.41.191.5,Lao
204,Rowney,Wandrack,rwandrack5n@ucla.edu,1YNltX,Polygender,false,29.08.1994,78 PLN,219.25.172.131,Dzongkha
205,Claudine,Hague,chague5o@reuters.com,lcXnL7VCo8w,Female,true,15.03.2003,40 PLN,229.132.23.173,Finnish
206,Sibyl,Rayne,srayne5p@yellowpages.com,t4q7ubEyyXM,Agender,true,02.09.2000,45 PLN,127.203.118.53,Azeri
207,Lilyan,Kitchinghan,lkitchinghan5q@w3.org,tOLEcVG9,Bigender,false,31.12.2005,40 PLN,91.167.142.155,Romanian
208,Aubrey,Potten,apotten5r@desdev.cn,yTE4V4BxcS8i,Genderfluid,false,08.12.1993,55 PLN,236.64.82.199,Mongolian
209,Bridgette,Dowsey,bdowsey5s@loc.gov,fgVn9O,Male,true,19.03.2010,52 PLN,248.116.142.178,Norwegian
210,Clareta,Klimkowski,cklimkowski5t@livejournal.com,iKkb2XDIC,Genderqueer,false,15.06.1986,83 PLN,199.247.177.121,Gagauz
211,Albertine,Trubshaw,atrubshaw5u@opensource.org,2uoeZ1AJM,Female,false,19.04.1988,1 PLN,207.41.32.74,Persian
212,Arlinda,Arkle,aarkle5v@ocn.ne.jp,HicHfHg6WCt,Non-binary,false,27.04.2005,23 PLN,171.41.116.56,Greek
213,Lila,Lenthall,llenthall5w@is.gd,tZqItETX,Bigender,false,14.04.1995,13 PLN,101.118.186.88,Bulgarian
214,Zane,Schirok,zschirok5x@google.com.hk,PveFyY3LMJ,Genderqueer,false,12.08.1993,86 PLN,80.65.245.166,Chinese
215,Shelby,Daldry,sdaldry5y@vk.com,NwXB60v8,Polygender,false,10.07.2007,53 PLN,26.6.229.106,Croatian
216,Lynnett,Ianno,lianno5z@imageshack.us,XWN0l8Doc3Q,Genderfluid,false,07.09.1981,80 PLN,186.46.164.184,Luxembourgish
217,Prudy,Fossord,pfossord60@cpanel.net,l4ovyO,Female,false,08.11.2000,10 PLN,130.104.141.242,Swedish
218,Sofia,Esterbrook,sesterbrook61@joomla.org,gYrGUnxnJLm,Female,true,05.06.1995,75 PLN,11.127.26.57,Khmer
219,Antonio,Mattingly,amattingly62@biblegateway.com,TGj4ajJ,Bigender,true,29.06.2021,39 PLN,178.214.245.75,Dutch
220,Jedidiah,Custed,jcusted63@google.ru,9lQFd2,Female,false,09.06.2019,8 PLN,148.204.41.78,Papiamento
221,Hershel,Wittey,hwittey64@so-net.ne.jp,0Q9HSik,Genderfluid,false,19.04.1998,6 PLN,97.151.125.7,Papiamento
222,Nertie,Meake,nmeake65@cnet.com,xOH9YFzAtQPa,Genderfluid,true,14.08.1988,60 PLN,21.86.206.222,Papiamento
223,Maud,Climpson,mclimpson66@liveinternet.ru,yvwjWTPx7y,Female,false,23.05.1999,13 PLN,232.92.9.15,Finnish
224,Peggy,Savoury,psavoury67@about.me,IKC3XWpZARg,Bigender,true,07.03.1983,40 PLN,78.128.155.143,Indonesian
225,Dara,Kirkham,dkirkham68@eepurl.com,d4fHPPh,Genderfluid,true,15.04.2012,97 PLN,98.54.106.169,Icelandic
226,Nils,Devericks,ndevericks69@rediff.com,FuzMbGfe,Non-binary,true,01.12.2010,36 PLN,64.215.100.79,Quechua
227,Dayna,Bleasdille,dbleasdille6a@timesonline.co.uk,74iBlOD,Non-binary,false,17.08.2016,20 PLN,54.132.188.202,Irish Gaelic
228,Rancell,Mingard,rmingard6b@arizona.edu,bbEnuY6lnM,Female,true,04.06.2015,11 PLN,169.241.58.30,Albanian
229,Melodie,Odam,modam6c@wikipedia.org,XPu26SSr,Female,false,28.08.2018,75 PLN,222.147.63.171,Montenegrin
230,Wandie,Bonhill,wbonhill6d@sakura.ne.jp,e36vuK,Genderqueer,false,08.12.1980,34 PLN,184.213.91.33,Hindi
231,Orel,Melson,omelson6e@cafepress.com,gIwMMlfySDM,Bigender,true,05.05.1989,22 PLN,107.67.187.173,Georgian
232,Carmine,Baldazzi,cbaldazzi6f@cafepress.com,Z4If4Qd,Agender,true,04.05.2000,12 PLN,179.101.22.103,Kurdish
233,Kurt,Nichol,knichol6g@netvibes.com,xn4L2NMO49V,Male,false,04.06.2015,47 PLN,197.129.72.98,Dhivehi
234,Lily,Gallichiccio,lgallichiccio6h@livejournal.com,mTbtt41jI6f,Agender,true,02.03.2005,71 PLN,173.65.186.27,Azeri
235,Orlan,Tomich,otomich6i@columbia.edu,lrUTyPGVLYS9,Polygender,true,23.05.1983,34 PLN,20.108.126.19,Lao
236,Brion,Carreyette,bcarreyette6j@hugedomains.com,9MDHCfhX,Male,false,04.09.2009,17 PLN,236.220.150.125,New Zealand Sign Language
237,Giff,Daburn,gdaburn6k@constantcontact.com,bVuQzx5xMZ,Bigender,false,15.10.2004,67 PLN,144.46.241.246,Tsonga
238,Anastasie,Johnsson,ajohnsson6l@ihg.com,N35VBdHWMG1,Genderfluid,true,25.08.1983,88 PLN,157.129.156.79,Ndebele
239,Aloysius,Lancashire,alancashire6m@yahoo.co.jp,hc5OgGG,Polygender,true,25.10.1993,42 PLN,67.59.165.64,West Frisian
240,Scottie,Mahmood,smahmood6n@intel.com,z7YlJTwk6k9h,Bigender,false,12.09.1990,28 PLN,152.232.189.211,New Zealand Sign Language
241,Jemima,Rickards,jrickards6o@technorati.com,stEpR4d,Genderfluid,false,19.02.2003,30 PLN,109.99.56.154,Gagauz
242,Fin,Combes,fcombes6p@dailymotion.com,JXm2sQrY3y,Bigender,false,29.01.2021,30 PLN,135.209.25.111,English
243,Curran,Boyes,cboyes6q@chronoengine.com,YRPrcf,Agender,true,08.03.2014,56 PLN,80.87.119.125,Gujarati
244,Nicky,Rowberry,nrowberry6r@etsy.com,eZQDxYnvAYhF,Genderqueer,false,07.05.1997,12 PLN,231.46.188.16,Hebrew
245,Karina,Squire,ksquire6s@yelp.com,fZnk5i,Male,false,24.08.1987,15 PLN,249.203.211.185,Haitian Creole
246,Fraser,Clayson,fclayson6t@tamu.edu,YUxXrgmhZ0,Male,true,08.01.1987,96 PLN,93.187.223.249,Japanese
247,Shelden,Mahaddy,smahaddy6u@salon.com,ktsR4nKz9,Male,false,21.06.1988,80 PLN,25.153.16.200,Swahili
248,Dyann,Beckensall,dbeckensall6v@edublogs.org,KbheYxwTlD,Female,true,08.06.1982,41 PLN,153.125.26.60,Haitian Creole
249,Yuri,Rummin,yrummin6w@php.net,uTKB4jXwdUZ,Polygender,false,14.05.2010,35 PLN,220.104.111.218,Estonian
250,Onida,Ragles,oragles6x@ucsd.edu,rFqNpB,Agender,false,15.01.1987,73 PLN,47.108.234.237,Finnish
251,Kerwin,McLaverty,kmclaverty6y@nhs.uk,qZT5kIEfuH,Genderfluid,false,11.05.1988,53 PLN,136.8.99.132,Thai
252,Aubert,Tregenna,atregenna6z@reuters.com,E11LLwY,Polygender,false,19.08.1987,36 PLN,64.165.35.63,Japanese
253,Gerry,Ezzle,gezzle70@ycombinator.com,f0qis3,Agender,true,25.05.2010,93 PLN,133.79.108.33,Finnish
254,Katerine,Chesworth,kchesworth71@angelfire.com,iA1yUDdzx,Genderfluid,false,03.08.1991,97 PLN,31.45.16.10,Sotho
255,Cleve,Robotham,crobotham72@cmu.edu,OQQYrYn,Male,false,29.11.2015,97 PLN,121.216.10.209,Pashto
256,Saloma,Raven,sraven73@digg.com,mB6czsKLhUYu,Male,true,14.03.2018,41 PLN,94.239.122.84,Montenegrin
257,Morgun,Ballam,mballam74@oaic.gov.au,RtzYeckoRZ,Polygender,true,02.09.1987,89 PLN,213.60.196.205,Somali
258,Rolph,Siberry,rsiberry75@paginegialle.it,zpJdWDLrJl,Female,false,15.06.2016,33 PLN,176.115.97.203,Thai
259,Hale,Varey,hvarey76@themeforest.net,kHp6ksI,Agender,true,25.05.1992,74 PLN,157.55.235.82,Marathi
260,Violet,Mateu,vmateu77@google.co.uk,fnl17S,Male,false,13.12.1994,17 PLN,128.86.92.161,Bislama
261,Missy,MacKeogh,mmackeogh78@google.com.br,DmG2Yu2bacs,Genderqueer,false,27.06.1987,18 PLN,211.200.152.13,Danish
262,Amelita,Priestnall,apriestnall79@cdbaby.com,3xiRpGeDNT,Genderqueer,false,07.08.1991,37 PLN,202.159.219.194,Burmese
263,Lindi,MacWhirter,lmacwhirter7a@trellian.com,wbEK8YuecpE,Agender,false,25.11.2021,92 PLN,23.76.122.20,Hebrew
264,Lind,Tenaunt,ltenaunt7b@domainmarket.com,mdpq4Fr5W1,Agender,false,05.04.1983,88 PLN,139.34.211.167,Korean
265,Celestyn,Windrum,cwindrum7c@nifty.com,eBkFnsNl,Genderfluid,true,31.12.2010,13 PLN,153.38.161.1,Arabic
266,Brant,Stollen,bstollen7d@oakley.com,i2AuzFm4Nb0,Genderfluid,true,06.11.2008,85 PLN,96.104.26.248,Northern Sotho
267,Rosetta,Killwick,rkillwick7e@drupal.org,M2TIme3eG,Agender,true,20.12.2005,2 PLN,219.175.0.20,Tetum
268,Jerald,Toward,jtoward7f@princeton.edu,SRe2Fh,Polygender,false,15.09.2001,28 PLN,171.9.196.117,Czech
269,Frederica,Vowles,fvowles7g@liveinternet.ru,RYLYHAD94I,Bigender,true,17.06.1989,27 PLN,7.97.223.236,Catalan
270,Ber,Jonas,bjonas7h@sourceforge.net,4Kj8Z8zLJkSX,Genderqueer,false,21.05.2009,36 PLN,242.180.222.58,Kannada
271,Pennie,Gayter,pgayter7i@hhs.gov,vR7hHspXQ,Female,true,17.06.2009,55 PLN,40.41.154.127,Kashmiri
272,Hervey,Wing,hwing7j@sourceforge.net,xBDBwaQ52Df,Genderqueer,false,19.02.2001,41 PLN,123.194.19.161,New Zealand Sign Language
273,Lolita,Tourmell,ltourmell7k@google.pl,7llf4fuI,Non-binary,false,17.02.1993,79 PLN,111.236.51.201,Chinese
274,Evelyn,Prandini,eprandini7l@yelp.com,ssk6VAYoxmtQ,Genderqueer,false,13.12.1992,53 PLN,177.145.42.100,Swati
275,Lurleen,McReedy,lmcreedy7m@hp.com,1s6UEU5d,Female,false,27.04.1987,18 PLN,105.20.51.170,Luxembourgish
276,Henrieta,Petley,hpetley7n@cbc.ca,88f7IbDr,Agender,false,24.11.2002,24 PLN,110.13.11.232,West Frisian
277,Marten,Librey,mlibrey7o@scientificamerican.com,rgsOUAdA,Bigender,false,19.01.1994,69 PLN,39.50.151.158,Luxembourgish
278,Penelope,Van Vuuren,pvanvuuren7p@cmu.edu,IdItOCjm5W,Bigender,true,26.01.2006,47 PLN,253.30.61.114,Thai
279,Buckie,Van der Brugge,bvanderbrugge7q@house.gov,zpHxVPFtW,Female,true,12.12.2020,31 PLN,99.89.209.229,Malagasy
280,Cosette,Bowra,cbowra7r@typepad.com,Wwx6PZrlfH,Female,false,11.09.2007,75 PLN,214.255.96.51,English
281,Ianthe,Bandey,ibandey7s@jimdo.com,GndxhXm4w,Polygender,true,23.02.2003,4 PLN,123.195.115.149,Kazakh
282,Ailsun,Beckwith,abeckwith7t@ifeng.com,J0wU3Y,Polygender,false,29.04.2010,93 PLN,86.7.85.244,Indonesian
283,Suzi,Maltman,smaltman7u@google.co.jp,2SCRqxte,Female,true,29.10.2018,90 PLN,215.152.192.214,Kashmiri
284,Moreen,Crosetti,mcrosetti7v@bloomberg.com,FYGgBtlT,Genderfluid,true,17.02.2018,96 PLN,187.197.44.24,Bulgarian
285,Grazia,Coley,gcoley7w@nhs.uk,6Onj4zX2,Bigender,true,27.09.1999,96 PLN,89.57.161.157,Khmer
286,Adiana,Scotney,ascotney7x@tiny.cc,hKB1JpLpm,Female,false,03.01.2021,39 PLN,58.19.67.55,German
287,Dee,Pow,dpow7y@msn.com,cuE9nAkvKT5W,Non-binary,false,29.11.1997,67 PLN,45.23.141.43,Arabic
288,Carlynn,Le feaver,clefeaver7z@mlb.com,x2Yd3EDf,Male,true,19.01.1986,19 PLN,93.204.68.16,Bislama
289,Broderic,Signore,bsignore80@a8.net,LaeNa8H1,Non-binary,false,22.04.1995,64 PLN,155.50.6.126,Gagauz
290,Ina,Stanfield,istanfield81@google.co.uk,Mk5SYtKLE,Female,true,07.09.2015,71 PLN,42.14.131.128,Thai
291,Aldin,Ciccottini,aciccottini82@europa.eu,gufIMJe,Male,false,19.07.2005,63 PLN,68.62.125.148,Dzongkha
292,Flo,Burkwood,fburkwood83@google.it,I5YORzEUC5,Agender,false,02.03.2001,44 PLN,59.171.224.0,Latvian
293,Kacey,Luten,kluten84@ameblo.jp,AtmIVbHDMj,Non-binary,true,02.12.2020,51 PLN,52.99.168.44,Persian
294,Ilaire,Aish,iaish85@woothemes.com,Rnuijp,Female,true,21.06.1984,72 PLN,127.137.35.94,Gujarati
295,Benedikta,Dysart,bdysart86@cargocollective.com,kTXT7D6x1iE0,Non-binary,true,02.03.2004,51 PLN,190.181.78.238,Bislama
296,Addia,Manach,amanach87@acquirethisname.com,lqGkdyYH,Polygender,true,24.04.2019,20 PLN,165.76.9.195,Georgian
297,Inger,Zorzini,izorzini88@slashdot.org,PABb03g1JO9,Bigender,false,22.05.2021,61 PLN,18.156.53.198,Malagasy
298,Zorine,Breznovic,zbreznovic89@360.cn,Z59IuXC8G,Non-binary,false,21.05.1985,30 PLN,37.122.250.140,Dari
299,Chandler,Archdeacon,carchdeacon8a@va.gov,4viYYfSyVHT,Non-binary,true,02.04.1996,90 PLN,105.96.236.167,Finnish
300,Colene,Sherburn,csherburn8b@forbes.com,DbeD1Na,Female,false,04.01.2013,89 PLN,31.3.47.149,Belarusian
301,Estella,Ellard,eellard8c@state.tx.us,yjB07z4j,Non-binary,false,05.02.2015,1 PLN,196.241.97.104,Gujarati
302,Phyllys,McGilvray,pmcgilvray8d@msn.com,oJx6O8N,Genderqueer,false,25.07.1991,100 PLN,80.191.250.109,Yiddish
303,Germain,Leahey,gleahey8e@blogs.com,mOEa72q,Polygender,true,10.06.2007,65 PLN,214.174.103.40,French
304,Corene,Gyves,cgyves8f@cdbaby.com,0m3GSmOvJsQ,Male,true,11.09.2004,26 PLN,153.244.116.249,Afrikaans
305,Amberly,Tuer,atuer8g@nsw.gov.au,zGUQIHuciN,Male,false,15.02.1997,36 PLN,112.15.141.7,Fijian
306,Laurie,Mapstone,lmapstone8h@naver.com,HwXV0oY,Agender,false,23.04.1997,89 PLN,13.72.225.67,Tsonga
307,Herbert,Chesterfield,hchesterfield8i@telegraph.co.uk,u9FqoeV7,Agender,true,14.11.1989,21 PLN,51.195.65.29,Dhivehi
308,Finley,Franks,ffranks8j@sciencedirect.com,HURJLL,Male,true,22.10.2013,18 PLN,141.66.142.11,Assamese
309,Kora,Fesby,kfesby8k@creativecommons.org,DWRrn4a,Polygender,true,26.04.1992,84 PLN,214.159.107.201,Albanian
310,Cecil,Haseley,chaseley8l@elegantthemes.com,W0USqOZ,Polygender,true,12.04.2016,87 PLN,72.94.96.103,Bengali
311,Jethro,Cromar,jcromar8m@icq.com,d13ThooJP,Female,false,08.12.2001,62 PLN,138.72.176.203,Amharic
312,Darb,Teggin,dteggin8n@dailymail.co.uk,o9NKctAq,Non-binary,false,14.06.1995,20 PLN,180.20.129.150,Amharic
313,Travis,Trustram,ttrustram8o@smh.com.au,An2o3Jz4Im,Female,true,27.05.1988,34 PLN,17.95.221.58,Ndebele
314,Dianna,Seyler,dseyler8p@yandex.ru,8kkJIPS,Polygender,false,19.12.2007,6 PLN,138.227.176.164,Japanese
315,Wayne,Dumphries,wdumphries8q@nytimes.com,jgrXghmi3v,Genderfluid,true,21.05.2005,83 PLN,222.229.71.98,Tajik
316,Kennie,Sivell,ksivell8r@tinyurl.com,mwf2OJ11,Male,true,06.12.2012,13 PLN,132.208.23.211,Korean
317,Brad,Scorrer,bscorrer8s@histats.com,DRjdjjrL7Rd,Female,false,16.12.1994,91 PLN,235.230.65.171,Polish
318,Humfrid,Bratt,hbratt8t@buzzfeed.com,8oqtgPo3m,Male,false,19.04.2002,31 PLN,17.53.142.211,Kyrgyz
319,Sapphire,Falvey,sfalvey8u@ehow.com,42J7KjCS64g7,Genderfluid,true,22.02.2017,15 PLN,18.35.137.191,Czech
320,Samson,Derks,sderks8v@vistaprint.com,KvvYXe2L8,Non-binary,true,18.10.1987,75 PLN,116.125.107.19,Māori
321,Skip,Elton,selton8w@flickr.com,0Picx2ufIj,Bigender,true,21.07.1988,99 PLN,148.195.16.33,Bengali
322,Francine,Halpen,fhalpen8x@123-reg.co.uk,cEsPxyaKFP,Genderqueer,false,28.01.1990,31 PLN,134.67.145.203,Afrikaans
323,Clerkclaude,Phoebe,cphoebe8y@howstuffworks.com,kPD1GE95,Female,false,26.04.2021,43 PLN,110.7.73.204,Filipino
324,Aaron,Crookshank,acrookshank8z@spotify.com,sbNFOgF,Polygender,true,21.06.1981,24 PLN,1.16.248.82,Papiamento
325,Jewell,Glassborow,jglassborow90@flickr.com,vxojZuPC,Polygender,true,10.10.2016,78 PLN,2.121.244.88,Polish
326,Maggie,Ilive,milive91@chronoengine.com,t1FyHun,Genderqueer,true,28.05.1998,13 PLN,111.82.49.103,Assamese
327,Kordula,Lydiard,klydiard92@creativecommons.org,IQCoQdAD0RR,Bigender,false,05.10.2009,98 PLN,12.230.216.14,Telugu
328,Herculie,Muneely,hmuneely93@admin.ch,3TXn30Z,Polygender,true,12.09.1986,4 PLN,160.254.219.95,Gujarati
329,Corinne,Zamorrano,czamorrano94@github.com,4GP5uEplzB,Male,true,04.12.1986,36 PLN,250.139.82.243,Lithuanian
330,Jacobo,Petrashov,jpetrashov95@diigo.com,rgalZMz,Female,false,19.09.1984,79 PLN,175.128.237.172,Bengali
331,Mitchel,Schistl,mschistl96@ft.com,IGbgAsfCUzN,Agender,true,02.11.2021,43 PLN,149.201.206.245,Swahili
332,Heriberto,Faloon,hfaloon97@edublogs.org,SQuSPAkXxp,Bigender,true,05.08.1993,49 PLN,80.121.4.60,Romanian
333,Linn,Krolak,lkrolak98@hexun.com,sn7Y08d,Agender,true,08.01.2019,97 PLN,229.155.253.233,Malay
334,Taddeusz,McDermott-Row,tmcdermottrow99@wiley.com,P2mOqj1,Bigender,false,04.02.1991,79 PLN,174.142.150.182,Marathi
335,Amelia,Richin,arichin9a@netscape.com,zDJtNIxTIfM,Genderqueer,true,17.05.2017,18 PLN,65.1.38.244,Romanian
336,Cristabel,Booth-Jarvis,cboothjarvis9b@pbs.org,05SNEU,Non-binary,true,06.12.2018,18 PLN,118.86.112.185,English
337,Odille,Blanc,oblanc9c@geocities.jp,bQlVihe,Male,true,18.12.2019,30 PLN,180.130.68.198,Dari
338,Shina,Allwood,sallwood9d@abc.net.au,FHkWSzY,Non-binary,false,31.10.2010,49 PLN,158.186.173.157,Khmer
339,Kriste,Bairnsfather,kbairnsfather9e@home.pl,8l1eKNlUyf,Agender,false,07.02.1998,41 PLN,93.210.102.11,Arabic
340,Archer,Saterweyte,asaterweyte9f@columbia.edu,GJVndiGSYK,Male,true,08.01.2011,97 PLN,239.52.158.243,Latvian
341,Linette,Rebert,lrebert9g@china.com.cn,yRbwRSpRUZ7,Female,true,23.04.2018,82 PLN,10.203.166.248,Guaraní
342,Chicky,McWhannel,cmcwhannel9h@godaddy.com,GDZVJ19l,Genderqueer,false,09.01.1981,47 PLN,190.241.31.76,Mongolian
343,Ronald,Stoker,rstoker9i@i2i.jp,ONqAo1rj25J,Female,false,15.06.1993,35 PLN,211.147.172.213,Dutch
344,Ileana,Bohden,ibohden9j@deviantart.com,SVD9CJpD17U,Genderqueer,true,05.08.1984,7 PLN,245.32.123.130,Greek
345,Hyacinthia,Swalowe,hswalowe9k@hud.gov,LYWGoTyEZNIJ,Genderfluid,true,30.10.2000,56 PLN,50.129.22.55,Afrikaans
346,Prinz,Labeuil,plabeuil9l@newsvine.com,PQH09FE,Non-binary,false,16.02.1993,80 PLN,165.23.234.120,Icelandic
347,Cash,Parrington,cparrington9m@vk.com,U4RPQ4fn,Male,false,09.08.2009,44 PLN,188.244.180.236,Korean
348,Raina,Warry,rwarry9n@example.com,wX3TYJ,Polygender,false,01.05.2007,4 PLN,147.182.137.148,Macedonian
349,Laverna,Parmer,lparmer9o@intel.com,w3zGDaj,Female,true,24.04.1997,48 PLN,13.61.185.114,Azeri
350,Thomasin,Myford,tmyford9p@hostgator.com,gTL9z5api,Genderqueer,false,17.12.2013,87 PLN,235.121.4.217,Czech
351,Pammi,Fries,pfries9q@simplemachines.org,71RivS,Genderfluid,false,23.04.2021,28 PLN,9.77.220.8,Fijian
352,Melisent,Rhule,mrhule9r@google.ru,AdEtWVdZ,Genderqueer,true,05.06.1992,16 PLN,188.183.102.237,Chinese
353,Kassey,Giacovetti,kgiacovetti9s@ebay.co.uk,t44cNU,Polygender,true,21.09.2010,25 PLN,169.74.152.179,Somali
354,Christyna,Podd,cpodd9t@dailymail.co.uk,ztAm9Izi,Genderfluid,true,11.03.2011,47 PLN,251.74.191.104,Luxembourgish
355,Shane,Resdale,sresdale9u@pbs.org,r6db8F7O,Polygender,true,10.06.2021,14 PLN,160.30.158.198,Tok Pisin
356,Ola,Lidgey,olidgey9v@comcast.net,qUbs8ZoRJ55,Polygender,true,30.09.1992,100 PLN,152.71.33.4,Tok Pisin
357,Graig,Zanardii,gzanardii9w@vk.com,Q7eAGqh,Agender,false,03.05.2017,34 PLN,19.20.95.56,Japanese
358,Herbie,O'Docherty,hodocherty9x@mozilla.org,T3p2mC3Rx,Genderfluid,false,22.06.1988,35 PLN,77.162.103.32,Tajik
359,Leonie,Grannell,lgrannell9y@stanford.edu,mMKm49,Female,true,22.11.2000,54 PLN,48.104.210.8,Khmer
360,Adelheid,Issitt,aissitt9z@jalbum.net,x0zWopRL6i,Agender,false,21.01.2012,40 PLN,146.232.47.21,Lao
361,Bree,Brisker,bbriskera0@zimbio.com,EuvAnucfb9V,Agender,false,30.08.2015,46 PLN,24.5.217.198,Georgian
362,Lizabeth,Hoggetts,lhoggettsa1@go.com,sJpOf4dEDBLf,Genderfluid,true,16.06.1987,46 PLN,178.72.148.29,Greek
363,Pam,Aingel,paingela2@phoca.cz,YPCyUCIw7gV,Male,false,09.08.2014,17 PLN,179.228.169.200,Quechua
364,Arlina,Tebbutt,atebbutta3@exblog.jp,vKXNjGKXeU,Polygender,false,10.08.1986,51 PLN,101.22.120.123,Khmer
365,Ilario,Callinan,icallinana4@narod.ru,4ICMEeCzVDO4,Male,true,16.12.2008,18 PLN,251.96.134.146,Latvian
366,Avictor,Wharf,awharfa5@ca.gov,NDmaOrZ7Coq,Non-binary,false,14.12.2005,22 PLN,19.171.46.84,Māori
367,Roi,Mattedi,rmattedia6@canalblog.com,i00vGAFHO2,Non-binary,true,02.10.2019,62 PLN,247.146.187.100,Croatian
368,Link,Grene,lgrenea7@shareasale.com,iqo1zfuQ33lM,Genderqueer,false,07.03.1986,88 PLN,57.198.196.67,Kazakh
369,Alfreda,Billiard,abilliarda8@wired.com,Uwiqa8hs1qLX,Non-binary,false,29.04.1994,11 PLN,191.155.34.155,Portuguese
370,Eddi,Seabright,eseabrighta9@cnbc.com,b0Bjbi3mlk68,Polygender,true,12.03.1996,53 PLN,160.134.237.190,Bosnian
371,Aldous,MacGilmartin,amacgilmartinaa@cbslocal.com,ObkhpYjOKF,Bigender,false,14.02.1987,29 PLN,39.159.75.197,Telugu
372,Lonee,Polly,lpollyab@dell.com,BBBuwi,Genderqueer,true,27.04.1988,62 PLN,216.10.12.58,Danish
373,Binky,Tardiff,btardiffac@si.edu,b5BRZQMIOJq,Female,true,03.06.2017,95 PLN,218.186.240.224,Filipino
374,Shaun,Davioud,sdavioudad@t-online.de,t9Jyn0dr,Genderfluid,true,02.12.2006,68 PLN,212.129.114.57,Dari
375,Tabina,Rilston,trilstonae@devhub.com,qDZC1dzILZV,Female,true,22.07.2004,95 PLN,202.237.70.246,Swahili
376,Sonja,Minney,sminneyaf@shareasale.com,CjdBASLV9oK,Genderqueer,true,27.12.2012,63 PLN,61.139.206.120,Persian
377,Dewain,Beautyman,dbeautymanag@admin.ch,gakzCf7,Polygender,true,02.10.1991,50 PLN,44.242.59.166,Spanish
378,Meagan,Guntrip,mguntripah@ezinearticles.com,JPCbUuDo,Polygender,false,05.06.2008,57 PLN,84.137.228.19,Chinese
379,Adelheid,Janatka,ajanatkaai@163.com,sNTKZu,Agender,true,21.08.2021,76 PLN,4.3.233.211,Italian
380,Carlin,Troy,ctroyaj@joomla.org,os0Ecl,Female,false,02.06.1998,50 PLN,212.205.92.165,Croatian
381,Wainwright,Poulson,wpoulsonak@ucoz.com,8ZQeYCz4pTy,Polygender,true,19.01.2020,31 PLN,58.96.196.33,Latvian
382,Joline,Anand,janandal@a8.net,WFKuaPnAu,Genderqueer,true,30.12.2019,74 PLN,185.37.237.55,Croatian
383,Nana,Chasemore,nchasemoream@google.ca,S98tKiv0kpS,Bigender,true,01.01.1995,26 PLN,197.149.168.66,Fijian
384,Alberto,Frayn,afraynan@forbes.com,xvXb5vlWm4N6,Agender,true,23.11.2013,22 PLN,70.141.40.75,Hiri Motu
385,Raimund,Hunton,rhuntonao@bbb.org,pgskgKDyC,Non-binary,false,08.01.2001,74 PLN,127.199.194.3,Gujarati
386,Vail,Raw,vrawap@wordpress.org,CZEWVOj,Polygender,false,14.12.2012,97 PLN,33.214.178.151,Norwegian
387,Ely,Kilfether,ekilfetheraq@umn.edu,d70hqp5O,Genderqueer,true,16.08.2008,53 PLN,38.54.12.183,Greek
388,Sal,Dalliwatr,sdalliwatrar@techcrunch.com,pszM0YdiksKd,Genderqueer,false,12.03.2017,51 PLN,16.198.54.175,Danish
389,Cameron,Shobrook,cshobrookas@cam.ac.uk,99OXYHyC1EG,Genderfluid,true,06.06.2008,37 PLN,213.229.199.7,Moldovan
390,Sharia,Ritch,sritchat@mapquest.com,4cuFSJt,Non-binary,true,28.07.2013,18 PLN,216.3.228.217,Hiri Motu
391,Miguelita,Jarry,mjarryau@newsvine.com,cpWEiYTkC,Non-binary,true,20.10.1986,85 PLN,84.132.131.136,Bengali
392,Sari,Raveau,sraveauav@tmall.com,ArZpFRGx9tON,Male,true,30.09.2018,13 PLN,155.206.59.16,Arabic
393,Carl,Cuberley,ccuberleyaw@cocolog-nifty.com,wYu8U5tFxxX,Agender,true,02.06.2009,3 PLN,89.59.199.126,West Frisian
394,Lonny,Reck,lreckax@a8.net,05XmwT9tqBQ8,Male,false,31.03.1996,44 PLN,62.53.63.121,Estonian
395,Darrelle,Licence,dlicenceay@nymag.com,T9tsJW8T,Male,true,13.09.2012,20 PLN,224.61.80.86,West Frisian
396,Janelle,Gunnell,jgunnellaz@mayoclinic.com,UBm13rdCRR,Female,false,18.01.1993,33 PLN,91.184.54.223,Pashto
397,Ailyn,Bleyman,ableymanb0@ftc.gov,gkmTX0c,Non-binary,false,23.11.2008,31 PLN,140.149.192.93,Haitian Creole
398,Livvyy,Posnette,lposnetteb1@latimes.com,08CYR4SSsWM,Agender,false,12.12.2005,8 PLN,136.2.229.110,Yiddish
399,Tudor,Ivchenko,tivchenkob2@indiegogo.com,JlL8Vzr,Agender,true,14.09.2009,54 PLN,140.131.213.178,Gagauz
400,Madelina,Bugg,mbuggb3@infoseek.co.jp,y4vHSA5,Bigender,false,30.05.1995,8 PLN,174.125.223.210,Afrikaans
401,Stillmann,Proudley,sproudleyb4@vimeo.com,0KqNB4JIr9B8,Polygender,false,19.12.1988,18 PLN,59.250.76.110,Hungarian
402,Shelly,Weall,sweallb5@jalbum.net,w7J2NjR9c,Bigender,false,28.05.2017,24 PLN,39.32.45.240,Tswana
403,Lon,Amorts,lamortsb6@sciencedaily.com,H7C6bjdA,Female,false,08.02.2009,60 PLN,254.211.192.21,Malay
404,Georgia,Kleinhandler,gkleinhandlerb7@globo.com,GQd8LLRWEIQ,Non-binary,false,18.12.2011,67 PLN,69.56.52.228,Northern Sotho
405,Alberta,Waith,awaithb8@google.nl,L9Qgom,Male,false,11.12.2012,87 PLN,221.64.187.31,Somali
406,Nikolai,Cowtherd,ncowtherdb9@technorati.com,hBzLwdrkNjmA,Female,false,11.11.1994,34 PLN,78.241.42.26,Bengali
407,Frederigo,Bales,fbalesba@apache.org,bzhHRV,Non-binary,true,07.07.1991,95 PLN,15.73.68.221,Spanish
408,Mitzi,Tarbett,mtarbettbb@zdnet.com,FVQ0vkmA,Male,true,02.04.2005,23 PLN,160.204.7.62,Filipino
409,Herbie,Crates,hcratesbc@answers.com,6D0K0K,Genderfluid,true,04.08.1991,66 PLN,64.37.47.53,Georgian
410,Lisle,Torbard,ltorbardbd@examiner.com,Nt0qfhu,Bigender,true,24.08.2002,2 PLN,121.42.128.36,Guaraní
411,Arturo,Shakle,ashaklebe@themeforest.net,u2ZEAD,Non-binary,false,15.10.2001,78 PLN,1.108.248.104,Kashmiri
412,Willabella,Shinner,wshinnerbf@taobao.com,lDOjoeBMKF,Non-binary,true,29.07.1985,73 PLN,217.177.70.28,Belarusian
413,Garvey,Orris,gorrisbg@patch.com,HoWSoKGpe,Male,true,05.10.2006,37 PLN,46.19.143.157,Greek
414,Jerome,Bricksey,jbrickseybh@hhs.gov,5c7mojUY1g,Non-binary,false,12.03.2001,41 PLN,44.103.182.3,Luxembourgish
415,Cherie,Balmforth,cbalmforthbi@europa.eu,FhgxVRN,Female,false,12.01.2021,70 PLN,73.146.107.236,Croatian
416,Donni,Caplis,dcaplisbj@weebly.com,O846fgYcSM,Agender,false,03.03.2001,60 PLN,229.82.21.24,Aymara
417,Leoine,Apedaile,lapedailebk@squidoo.com,MtbH9hu,Polygender,false,12.11.2012,79 PLN,97.247.226.203,Swedish
418,Guillermo,Emanuel,gemanuelbl@csmonitor.com,cK8OkPs2,Female,true,30.05.2015,56 PLN,54.15.129.199,Dzongkha
419,Murray,Crack,mcrackbm@geocities.jp,MZFll8DOs,Genderfluid,false,28.01.2009,29 PLN,25.199.253.154,Moldovan
420,Trever,Dickie,tdickiebn@businesswire.com,33Q3xed,Male,true,08.07.1988,31 PLN,105.149.23.213,Dari
421,Sibby,McParlin,smcparlinbo@4shared.com,qKxhfmIlM,Agender,true,23.10.1995,59 PLN,229.60.68.106,Icelandic
422,Louisette,Matantsev,lmatantsevbp@de.vu,kgw3c0mvXQ,Polygender,true,10.08.1988,30 PLN,67.160.249.5,Norwegian
423,Carmine,Antonutti,cantonuttibq@vkontakte.ru,2KFCg4k,Genderfluid,false,26.09.2020,82 PLN,32.33.121.249,German
424,Shela,Maypowder,smaypowderbr@goodreads.com,1zTNsF8q4g,Genderfluid,true,20.05.1983,61 PLN,16.251.234.167,Arabic
425,Bibby,Rossander,brossanderbs@shutterfly.com,iaTb6bKwrya,Non-binary,true,07.02.2019,22 PLN,21.215.47.25,Kannada
426,Carline,Robbs,crobbsbt@wikia.com,2H5Qqy,Bigender,true,07.07.1984,91 PLN,174.95.47.97,Zulu
427,Nickie,McNevin,nmcnevinbu@blogs.com,InISP22,Genderfluid,true,20.04.2010,60 PLN,59.142.15.155,German
428,Nananne,Whiting,nwhitingbv@so-net.ne.jp,oJrkaDYhHmk,Genderqueer,true,04.02.2021,38 PLN,36.4.92.238,Croatian
429,Tobey,Nodes,tnodesbw@aboutads.info,e6Fau7Snnv7,Genderqueer,false,15.09.2021,89 PLN,145.157.160.16,Italian
430,Aylmer,Altimas,aaltimasbx@eventbrite.com,oIOobybH2,Male,true,12.06.1996,74 PLN,14.91.217.212,Mongolian
431,Dacey,Burnside,dburnsideby@usgs.gov,jiV3d0Mw,Genderqueer,false,23.10.1982,35 PLN,74.140.179.29,Māori
432,Alisander,Origan,aoriganbz@bbc.co.uk,T0m5Pdus,Female,true,07.12.1987,64 PLN,130.16.174.183,Marathi
433,Scott,McCloughlin,smccloughlinc0@dropbox.com,qp8E0s,Male,false,04.06.1982,19 PLN,94.166.87.21,Arabic
434,Millisent,Pelham,mpelhamc1@washington.edu,B2pU7uBwXTp5,Non-binary,true,28.12.1996,26 PLN,11.102.70.73,Malagasy
435,Daffie,O'Carney,docarneyc2@constantcontact.com,PBZWFXZiV,Genderqueer,true,21.10.1991,84 PLN,20.250.231.13,Luxembourgish
436,Cary,MacDearmaid,cmacdearmaidc3@marriott.com,Lhrj89BHQrx,Genderqueer,true,13.08.1997,67 PLN,41.33.86.253,Filipino
437,Wit,Buye,wbuyec4@amazon.de,N6hw3cddVN,Genderfluid,false,02.04.2004,19 PLN,186.44.218.24,Macedonian
438,Flossie,Ollerenshaw,follerenshawc5@ftc.gov,XPu8fVI25S,Genderfluid,false,17.06.2002,84 PLN,76.83.242.61,Swahili
439,Sandor,Riepel,sriepelc6@1und1.de,oROBOLAYH5,Genderfluid,false,25.02.1982,55 PLN,177.132.175.163,Tswana
440,Isa,McAless,imcalessc7@buzzfeed.com,uG8931B,Bigender,true,26.05.2021,90 PLN,74.79.234.233,Dhivehi
441,Danika,Leech,dleechc8@slideshare.net,tPqQjepjZAp,Non-binary,true,30.07.1985,18 PLN,195.53.16.74,Belarusian
442,Rosy,Pococke,rpocockec9@ow.ly,gmGKCl,Agender,false,18.07.1996,62 PLN,235.67.240.143,Albanian
443,Arlina,Jayne,ajayneca@yahoo.co.jp,9ISZgj,Genderqueer,false,24.01.2002,72 PLN,25.60.71.220,Tok Pisin
444,Berthe,Blazewski,bblazewskicb@bing.com,XLWpJGCsR,Agender,false,13.10.1984,29 PLN,51.146.118.13,Bislama
445,Wendell,Cordall,wcordallcc@uol.com.br,MqW8idPxG,Genderfluid,true,05.10.2021,86 PLN,33.212.249.29,Montenegrin
446,Giralda,Bartalin,gbartalincd@livejournal.com,SKqO6JkvfEU,Bigender,false,20.01.2012,28 PLN,99.206.135.70,Finnish
447,Brynna,Cupitt,bcupittce@berkeley.edu,2wFM8gbkPF6,Female,false,08.12.2014,43 PLN,75.136.99.162,Nepali
448,Panchito,McLenaghan,pmclenaghancf@alibaba.com,zgFM19,Polygender,true,26.09.1993,71 PLN,53.107.93.217,Czech
449,Yovonnda,Oloshin,yoloshincg@weibo.com,EwlaANlLNJs,Polygender,false,21.06.1988,22 PLN,79.23.232.97,Bislama
450,Burgess,Balkwill,bbalkwillch@china.com.cn,Yz1KRbBVdil,Non-binary,false,19.08.1990,23 PLN,192.239.173.58,Latvian
451,Wilma,Thripp,wthrippci@wufoo.com,eYigEfo,Female,true,25.01.2005,13 PLN,29.95.249.208,Dari
452,Rossie,Rolfini,rrolfinicj@facebook.com,tuv0jED,Agender,false,21.06.2001,14 PLN,193.236.218.179,Lao
453,Vita,Fabb,vfabbck@loc.gov,iN8VeyWOBwP5,Female,true,07.01.1988,36 PLN,214.200.213.54,Hebrew
454,Sarita,Thorlby,sthorlbycl@huffingtonpost.com,et7FwKJk,Genderfluid,true,21.01.1987,84 PLN,110.2.228.114,Portuguese
455,Juliet,Heiss,jheisscm@gov.uk,6Fv2mC,Genderqueer,true,30.12.2000,91 PLN,30.41.41.204,Dhivehi
456,Delmar,Grierson,dgriersoncn@bbb.org,uKVyAbEj,Agender,false,13.08.2002,82 PLN,109.105.218.40,Luxembourgish
457,Wenonah,Ferreri,wferrerico@nih.gov,N7dAAM26Q,Polygender,false,29.03.1988,64 PLN,13.18.254.214,Tetum
458,Marquita,D'eathe,mdeathecp@patch.com,XNlgFoW3Bseb,Non-binary,false,20.01.2007,17 PLN,115.11.239.156,West Frisian
459,Cindie,Kendal,ckendalcq@seesaa.net,pPC6jytnJbz7,Polygender,false,10.02.1985,93 PLN,69.201.154.53,Albanian
460,Kile,Langhor,klanghorcr@squidoo.com,dBsDQkyz,Genderfluid,false,14.11.1990,95 PLN,153.179.195.45,Hindi
461,Steffie,Gouldbourn,sgouldbourncs@123-reg.co.uk,vco7dPsvI2ap,Genderqueer,true,01.08.2010,45 PLN,69.131.157.70,West Frisian
462,Ashely,Gottschalk,agottschalkct@51.la,bFoyVcqz6NPD,Agender,false,01.07.2009,38 PLN,122.57.153.169,Georgian
463,Lenee,Leavey,lleaveycu@bloomberg.com,zasjWdSE,Polygender,true,20.08.1989,83 PLN,222.114.250.199,Portuguese
464,Moria,Petrelli,mpetrellicv@histats.com,iB0ndVwhlSZ,Agender,true,27.07.1996,71 PLN,120.214.98.47,Nepali
465,Flss,Bonsale,fbonsalecw@guardian.co.uk,Z24RCIPEuT,Bigender,false,27.02.2011,38 PLN,253.95.63.4,Bislama
466,Stacie,Bouchier,sbouchiercx@i2i.jp,uqiEKQa,Agender,false,23.02.2015,3 PLN,154.72.35.47,Tok Pisin
467,Caritta,Fleetham,cfleethamcy@newsvine.com,5QaRwru1,Genderfluid,true,17.11.1988,100 PLN,123.69.23.197,Croatian
468,Neel,Courtonne,ncourtonnecz@weebly.com,482Zgn,Genderqueer,true,17.07.2013,94 PLN,2.115.254.53,Persian
469,Phillipp,Kupec,pkupecd0@ted.com,v60VD1F,Male,true,20.06.2015,34 PLN,203.83.146.18,Lao
470,Valerie,Sonley,vsonleyd1@dagondesign.com,CdaxG8akGbr,Genderqueer,false,21.09.2018,31 PLN,82.33.35.190,Sotho
471,Shaylynn,Longhorne,slonghorned2@ocn.ne.jp,quJnnES,Genderqueer,false,01.09.2007,85 PLN,10.72.149.167,Aymara
472,Addi,Lambillion,alambilliond3@jalbum.net,LMB1zzQIzTP,Female,true,20.11.1989,99 PLN,43.226.18.212,Burmese
473,Terrel,Farran,tfarrand4@privacy.gov.au,vah7GL94rCx,Polygender,false,24.09.1982,21 PLN,146.223.49.70,Bislama
474,Ginnie,Poschel,gposcheld5@va.gov,ZHbAW3,Genderfluid,true,30.09.2006,96 PLN,27.100.126.108,Dzongkha
475,Winonah,Fowgies,wfowgiesd6@google.cn,Q43BIAD,Genderfluid,false,16.11.2000,8 PLN,22.115.13.30,Bosnian
476,Heidi,Culpen,hculpend7@netvibes.com,jkxerr,Bigender,false,07.04.2001,59 PLN,204.11.141.19,English
477,Lydia,Lobley,llobleyd8@comsenz.com,O2w0uod,Male,true,27.06.2020,17 PLN,194.217.96.99,Dhivehi
478,Zondra,Crab,zcrabd9@merriam-webster.com,QMrkfV0StjLL,Bigender,true,18.07.2017,98 PLN,62.100.179.26,Lao
479,Corabella,Ambridge,cambridgeda@ca.gov,9gKweJYXDf,Polygender,false,03.03.2005,46 PLN,188.198.212.225,Quechua
480,Grayce,Strathern,gstratherndb@deviantart.com,RHUxwg,Bigender,false,12.08.2004,87 PLN,187.230.2.119,Ndebele
481,Drona,McKall,dmckalldc@eepurl.com,qSe0yndz,Male,false,17.12.1998,47 PLN,89.132.253.230,Estonian
482,Sapphira,Dunklee,sdunkleedd@youku.com,fSWddJIjJ2Ac,Female,true,29.05.1998,50 PLN,222.255.84.36,Portuguese
483,Artus,Ivanaev,aivanaevde@bing.com,vdWS5qJmQV,Bigender,false,21.09.1989,22 PLN,170.34.116.190,New Zealand Sign Language
484,Zena,Withrington,zwithringtondf@soup.io,Nq0UkLgQI,Polygender,true,15.10.1993,20 PLN,188.33.16.47,Mongolian
485,Johna,Oddey,joddeydg@diigo.com,JsUIGw,Genderfluid,false,04.07.1994,33 PLN,32.96.115.119,Armenian
486,Briney,Rutty,bruttydh@meetup.com,JuX4QVGLchQd,Non-binary,true,29.09.2017,67 PLN,104.15.157.171,Malayalam
487,Chevy,Likly,cliklydi@addtoany.com,Y61x7tzd,Male,false,06.08.2014,75 PLN,166.249.119.179,Oriya
488,Faulkner,Mallabon,fmallabondj@examiner.com,8KtDQnxZD6QH,Agender,false,04.04.2006,97 PLN,228.204.7.194,New Zealand Sign Language
489,Carter,Dubarry,cdubarrydk@wsj.com,mP7D2QP0Q1T,Non-binary,true,04.09.1997,46 PLN,230.103.227.78,Malayalam
490,Deb,Casiroli,dcasirolidl@merriam-webster.com,o6p6zf3a,Male,false,04.01.1993,2 PLN,37.215.191.242,Mongolian
491,Mickie,Tilburn,mtilburndm@imageshack.us,7NwyWJBM7ye,Genderqueer,false,05.09.1993,77 PLN,239.111.28.3,Belarusian
492,Shaw,Vivien,sviviendn@google.com,z2TjQf78sJTg,Male,true,10.04.1989,97 PLN,190.203.80.232,Amharic
493,Alfi,MacManus,amacmanusdo@paypal.com,gxGliOXpR,Non-binary,false,02.07.1984,76 PLN,168.112.121.11,Belarusian
494,Mile,Giorgioni,mgiorgionidp@biglobe.ne.jp,3HBw7DZyvz,Genderfluid,true,08.01.2013,27 PLN,54.69.132.87,Montenegrin
495,Ginnie,Jouanot,gjouanotdq@nifty.com,4MuVQcHE,Non-binary,true,11.11.1995,89 PLN,5.221.114.221,Bulgarian
496,Lezlie,Etherton,lethertondr@1und1.de,SFWvWPbjcjRM,Polygender,false,23.05.2007,86 PLN,223.210.12.16,Yiddish
497,Augustine,Stanning,astanningds@ifeng.com,f4JsXvqby,Genderfluid,false,04.08.1987,83 PLN,10.7.129.168,Thai
498,Kathi,Probbings,kprobbingsdt@cloudflare.com,yA7kIDirM,Genderfluid,false,08.04.2008,76 PLN,72.98.188.55,Dzongkha
499,Kim,Awde,kawdedu@quantcast.com,hdkZIiMuO,Non-binary,true,01.04.1983,47 PLN,186.227.127.39,Yiddish
500,Sharline,Mapis,smapisdv@taobao.com,c4uYucKRDr,Bigender,true,22.12.2007,14 PLN,190.79.200.205,Bulgarian
501,Brandice,Shortt,bshorttdw@sakura.ne.jp,bQ8cuEJJyaq,Polygender,true,10.03.2015,28 PLN,238.67.88.8,Khmer
502,Anissa,Gainor,againordx@google.com,KsK0vUYXSss,Polygender,true,17.11.2012,13 PLN,141.201.212.32,Dari
503,Hayward,Strickett,hstrickettdy@altervista.org,KxmsUORgt,Non-binary,true,24.09.1995,62 PLN,71.105.128.147,Northern Sotho
504,Danica,Tew,dtewdz@wikia.com,jwLtupN3DG,Male,false,26.10.2010,51 PLN,24.88.25.46,Tajik
505,Barbara,Ziemke,bziemkee0@engadget.com,7q1VbX,Bigender,false,07.07.2005,14 PLN,12.9.21.27,Tetum
506,Nissie,Gwinnett,ngwinnette1@surveymonkey.com,RB6XFuRrC,Genderfluid,true,29.03.2007,55 PLN,177.62.86.164,Estonian
507,Sheff,Sloan,ssloane2@state.gov,KeCmcrcqZYPm,Bigender,true,06.12.1983,44 PLN,148.157.245.255,Icelandic
508,Antonie,Broome,abroomee3@xrea.com,I64yGFWMXpH,Genderfluid,false,10.08.1998,44 PLN,242.204.196.192,Arabic
509,Jami,Rosenblad,jrosenblade4@eepurl.com,socfHR,Agender,false,02.12.2018,38 PLN,83.18.95.33,Maltese
510,Chantal,Felgat,cfelgate5@macromedia.com,OGCds7IQ,Polygender,true,25.01.1999,22 PLN,230.205.94.53,Swahili
511,Barbabra,Longwood,blongwoode6@instagram.com,zsHxKK6jB2,Female,true,05.04.2011,71 PLN,221.92.167.154,Dutch
512,Marianne,Napleton,mnapletone7@businesswire.com,xZfZThS,Genderfluid,true,03.06.2004,54 PLN,133.24.28.149,Macedonian
513,Deana,Mandell,dmandelle8@ning.com,U9DOP0PlC3,Bigender,true,09.07.2005,4 PLN,228.84.147.184,Portuguese
514,Alfons,Tremblay,atremblaye9@state.gov,mhWLV9HwsQ,Bigender,false,28.06.1994,100 PLN,164.12.65.16,Swati
515,Nowell,MacClinton,nmacclintonea@miitbeian.gov.cn,aFaLlHVG,Male,true,26.06.1993,9 PLN,51.7.1.85,Norwegian
516,Giles,Roads,groadseb@shop-pro.jp,B4ZMVb,Male,true,23.11.2020,45 PLN,64.235.76.150,Hungarian
517,Gayle,Reymers,greymersec@blogtalkradio.com,ypeteY,Male,true,15.02.2005,34 PLN,139.233.129.124,Mongolian
518,Saundra,Ruddock,sruddocked@yandex.ru,qhzt2VR,Agender,false,03.02.1984,59 PLN,131.115.155.129,Italian
519,Milka,Greeno,mgreenoee@digg.com,2ttVP9RVpFg,Genderfluid,false,28.09.1994,84 PLN,241.112.89.221,Montenegrin
520,Clem,Hopkins,chopkinsef@moonfruit.com,uOqGa1,Female,true,29.10.2004,35 PLN,231.20.143.152,Māori
521,Phedra,Parlour,pparloureg@skype.com,Uh2U3hSDA,Genderqueer,false,11.07.2005,82 PLN,55.183.236.204,Somali
522,Nonna,Stanning,nstanningeh@oakley.com,UN1V13Xva7,Non-binary,false,06.09.2003,15 PLN,239.185.131.65,Filipino
523,Saidee,Shepherdson,sshepherdsonei@wordpress.com,gzMt01eh9PDi,Polygender,true,17.08.1986,70 PLN,25.45.194.48,Malayalam
524,Nanette,Clearley,nclearleyej@naver.com,9PVbe5B,Male,true,04.05.2004,52 PLN,144.12.15.47,Ndebele
525,Lori,Topaz,ltopazek@chron.com,MtZzLpbS,Male,false,22.11.1991,44 PLN,171.202.215.153,Bosnian
526,Trish,Greatham,tgreathamel@marriott.com,w1RkV2G,Genderqueer,true,21.02.2021,40 PLN,153.32.199.221,Burmese
527,Meghan,Carrett,mcarrettem@prweb.com,NT8O9T,Female,true,02.02.1989,76 PLN,121.151.22.43,New Zealand Sign Language
528,Susannah,Jurek,sjureken@theatlantic.com,Mqd61lbr,Female,false,26.12.2016,79 PLN,20.63.234.95,Dari
529,Novelia,Hiddsley,nhiddsleyeo@latimes.com,8NW1ypS,Genderfluid,false,13.05.2019,16 PLN,195.33.140.25,Croatian
530,Rayner,Biddiss,rbiddissep@newyorker.com,cajSqtqvNAOS,Female,false,30.06.1999,6 PLN,45.223.212.173,Mongolian
531,Katy,Bratton,kbrattoneq@ycombinator.com,5tGXtPUy,Bigender,true,01.09.1992,23 PLN,229.191.7.108,Somali
532,Lotty,Whelan,lwhelaner@dagondesign.com,SbcbwCGA4,Female,false,21.09.1981,33 PLN,149.44.128.60,Tsonga
533,Egan,Wardhaw,ewardhawes@microsoft.com,PBXXyc6lW,Non-binary,true,07.06.2002,95 PLN,82.210.241.208,Hebrew
534,Brew,Absalom,babsalomet@hatena.ne.jp,jF9oh4DYiKF,Bigender,true,11.03.2018,36 PLN,14.232.31.95,Dari
535,Leelah,Maddicks,lmaddickseu@histats.com,sBUYp18qk16,Genderqueer,true,01.12.1981,2 PLN,108.151.172.131,Maltese
536,Micky,Methringham,mmethringhamev@symantec.com,ImgjzR6,Polygender,true,18.05.1983,100 PLN,240.12.110.118,Lao
537,Blondell,Lawday,blawdayew@soup.io,eaxvl4X3xRqi,Female,true,08.03.2007,80 PLN,164.243.151.170,Punjabi
538,Bendick,Thomassen,bthomassenex@xinhuanet.com,5RrCX8ef,Male,false,13.09.1999,4 PLN,168.22.209.164,Maltese
539,Alard,Perree,aperreeey@xing.com,WvwGE2ldL63,Non-binary,false,04.02.1981,18 PLN,94.248.156.156,Dutch
540,Elsy,Baldrey,ebaldreyez@domainmarket.com,kIKCERfP,Male,false,12.09.1991,93 PLN,55.24.10.119,Tsonga
541,Phoebe,Jeppe,pjeppef0@ebay.com,4EH96i,Female,true,21.01.2020,27 PLN,238.28.188.144,Bosnian
542,Humfried,Gooding,hgoodingf1@npr.org,fAiRtQ4t6HVA,Polygender,true,09.08.1982,87 PLN,54.95.213.191,Armenian
543,Tiffanie,Frow,tfrowf2@weibo.com,IT6MKbzpw3Lo,Genderfluid,true,15.03.2004,62 PLN,208.31.162.168,Swati
544,Nathaniel,Szapiro,nszapirof3@ftc.gov,uSxsmu,Agender,true,29.07.1998,67 PLN,235.6.134.55,Moldovan
545,Hortense,Lillford,hlillfordf4@mtv.com,sH4xoG,Female,true,05.02.2010,11 PLN,105.172.105.198,Afrikaans
546,Hailee,Rau,hrauf5@ed.gov,b9MFH47mhjve,Bigender,true,19.10.2008,80 PLN,209.128.249.104,Italian
547,Templeton,Gretton,tgrettonf6@ocn.ne.jp,hIBS5K,Non-binary,true,19.10.2014,75 PLN,176.134.160.115,Chinese
548,Melissa,Rutherford,mrutherfordf7@twitter.com,AtPq696,Male,false,03.04.2012,34 PLN,134.130.226.234,Tsonga
549,Sharia,Dutt,sduttf8@timesonline.co.uk,CjTkegJJvQri,Bigender,false,05.01.2015,37 PLN,226.97.124.170,Lao
550,Lil,Cartmail,lcartmailf9@taobao.com,zkXG3lY4Lu6A,Genderfluid,true,09.10.1995,45 PLN,73.15.145.175,Fijian
551,Charmian,Edmeades,cedmeadesfa@dyndns.org,skm30liB0,Non-binary,true,12.12.2011,75 PLN,197.134.230.216,Thai
552,Kendre,Robbins,krobbinsfb@auda.org.au,pOBzmUjd8Bxa,Genderqueer,true,09.11.2020,52 PLN,20.108.120.245,Zulu
553,Wilma,Wimmer,wwimmerfc@sbwire.com,DMz5YsS,Genderqueer,true,10.01.2021,27 PLN,14.164.202.91,Dzongkha
554,Devlin,Farres,dfarresfd@opensource.org,AyHL6Mtjb,Bigender,true,15.07.1988,40 PLN,236.110.120.72,Marathi
555,Aylmer,Winsper,awinsperfe@soundcloud.com,vRSYuZ,Polygender,false,17.02.2012,33 PLN,24.213.98.140,Papiamento
556,Bancroft,Dinkin,bdinkinff@abc.net.au,Hp02n0,Bigender,false,12.10.2001,80 PLN,229.52.189.231,Bosnian
557,Cindie,Pfeffel,cpfeffelfg@upenn.edu,fjqcUcJm0zCd,Genderqueer,true,05.10.2020,44 PLN,210.161.249.234,Malayalam
558,Halsey,Grastye,hgrastyefh@google.es,cmqJ12E6,Agender,true,31.10.2011,59 PLN,9.90.148.239,Yiddish
559,Bastien,Scawen,bscawenfi@xrea.com,NnZtJNY,Male,false,09.11.2012,39 PLN,123.150.99.152,Telugu
560,Dasha,Grigori,dgrigorifj@google.co.jp,rp0Ytw9,Non-binary,true,14.03.2002,87 PLN,21.56.5.222,Dhivehi
561,Abbey,Fairburn,afairburnfk@mashable.com,Jv2b1t8,Non-binary,false,14.05.2006,91 PLN,190.89.219.63,Malay
562,Lelia,Danelet,ldaneletfl@mapy.cz,kiDfCbX,Polygender,true,06.11.1994,6 PLN,184.2.6.98,Malay
563,Monro,Syrett,msyrettfm@ocn.ne.jp,g1FAcSuyU1,Non-binary,true,04.10.2017,8 PLN,81.73.22.226,Tajik
564,Emile,Ritchley,eritchleyfn@mediafire.com,EQ2lNVwXAs,Genderqueer,false,24.09.1983,1 PLN,151.190.82.205,Malayalam
565,Indira,Cooling,icoolingfo@domainmarket.com,QRob50SU,Non-binary,true,29.12.2013,37 PLN,207.97.231.59,Kazakh
566,Esther,Tubble,etubblefp@umn.edu,H3Y0x7r,Genderfluid,false,26.05.1984,44 PLN,213.40.146.154,Catalan
567,Cosimo,Terrazzo,cterrazzofq@ovh.net,M0SkCvoxYPkA,Bigender,false,20.01.2004,53 PLN,76.183.211.126,Armenian
568,Myrta,Rignoldes,mrignoldesfr@edublogs.org,tkCP7S,Genderqueer,false,27.04.1998,9 PLN,170.7.185.199,Romanian
569,Dusty,Kimbling,dkimblingfs@china.com.cn,WTeSnDh0rfKl,Bigender,false,04.02.1983,58 PLN,124.107.42.1,Pashto
570,Dot,Clemendot,dclemendotft@digg.com,dguNHZgSl,Male,false,07.04.2004,57 PLN,120.177.142.88,Tamil
571,Blaire,Launchbury,blaunchburyfu@parallels.com,RkhbV6,Polygender,true,02.03.2000,95 PLN,181.235.53.186,Bulgarian
572,Ettie,Alphege,ealphegefv@facebook.com,pcSF2JxRU,Bigender,true,18.11.2016,56 PLN,222.82.141.143,Swati
573,Michaela,Downing,mdowningfw@acquirethisname.com,iLk6ZeoGk1,Male,true,10.01.1998,59 PLN,85.174.95.103,Luxembourgish
574,Jaclyn,Prettyman,jprettymanfx@cargocollective.com,eopiGW,Bigender,false,15.04.1996,32 PLN,170.45.234.107,Pashto
575,Hussein,Lathleiff,hlathleifffy@google.com.br,F4CNQpookFRQ,Genderfluid,true,18.02.2000,5 PLN,220.100.139.198,Lao
576,Madelyn,Insall,minsallfz@reuters.com,mvicuyq93Vky,Female,true,24.01.1994,6 PLN,202.172.162.32,Italian
577,Vanessa,Treble,vtrebleg0@ibm.com,2EkC8vV,Genderqueer,false,02.04.1981,76 PLN,5.142.55.43,Tswana
578,Arabele,Summerskill,asummerskillg1@elpais.com,5DzIvfhVPtcg,Male,false,01.07.2019,3 PLN,201.8.188.230,Arabic
579,Christal,Reany,creanyg2@hibu.com,xqAkJiG,Bigender,false,14.08.2002,86 PLN,243.228.64.251,Kurdish
580,Riordan,Lidgely,rlidgelyg3@yale.edu,T6dl3t96KJF8,Male,false,26.11.2007,6 PLN,166.55.160.23,Arabic
581,Maxine,Cornthwaite,mcornthwaiteg4@smugmug.com,E6ihV3nd,Genderqueer,true,08.04.2010,2 PLN,113.206.131.106,Marathi
582,Pete,MacAindreis,pmacaindreisg5@yandex.ru,0F2pUlY1,Bigender,true,31.01.1988,36 PLN,87.188.83.240,Hungarian
583,Kial,Chaffin,kchaffing6@globo.com,o16qu8p,Agender,false,21.12.2004,13 PLN,113.89.206.232,Macedonian
584,Sybilla,Tocqueville,stocquevilleg7@adobe.com,fENsm2,Agender,true,12.05.1983,9 PLN,26.72.160.161,Bengali
585,Torey,Leary,tlearyg8@woothemes.com,6PY2mX,Genderfluid,true,15.06.2013,9 PLN,47.44.161.219,Albanian
586,Jacqueline,Angelini,jangelinig9@i2i.jp,zyW91z7mmob,Female,false,21.06.2021,77 PLN,93.165.159.90,Telugu
587,Lesly,Kilbourn,lkilbournga@amazon.co.uk,HjkXLvnFapH,Male,true,31.12.1998,58 PLN,150.124.45.206,Luxembourgish
588,Shell,Annakin,sannakingb@google.com,jmnVSbMQk,Female,false,17.10.1995,43 PLN,144.96.196.81,Norwegian
589,Shelley,Baudou,sbaudougc@webs.com,1d0fPqmsW0d,Female,false,15.04.1984,85 PLN,65.9.87.110,Amharic
590,Hortensia,Tinn,htinngd@seesaa.net,NxJknAlSXa,Genderqueer,false,24.11.1993,49 PLN,3.89.200.100,Tswana
591,Gaynor,Zuanelli,gzuanellige@aol.com,ZkXuPXJ8TQnA,Genderqueer,false,29.12.2004,2 PLN,81.176.92.185,Northern Sotho
592,Tremain,Ryce,trycegf@tmall.com,MgGgFgYq,Agender,false,17.11.2016,18 PLN,135.209.180.74,Portuguese
593,Hewitt,Buyers,hbuyersgg@bbc.co.uk,8FW9ZL,Female,false,19.09.1996,25 PLN,110.33.30.145,Māori
594,April,Twidle,atwidlegh@sun.com,zbJFuaqt3f,Agender,true,08.09.1988,62 PLN,85.215.198.72,French
595,Hildy,Tollfree,htollfreegi@nps.gov,f1uugg11,Non-binary,true,12.10.2009,81 PLN,203.244.1.187,Catalan
596,Kristian,Damper,kdampergj@vimeo.com,uzA57PK5Ie,Female,false,15.12.2002,11 PLN,5.218.199.240,Italian
597,Siouxie,Reedyhough,sreedyhoughgk@drupal.org,Cg6cgWE4,Male,false,14.03.2013,14 PLN,255.42.57.47,Ndebele
598,Darb,Bartram,dbartramgl@nih.gov,0HtUAY,Bigender,true,18.06.1987,70 PLN,15.157.84.55,Sotho
599,Zed,Aires,zairesgm@va.gov,cWxyfTlfEa03,Polygender,false,09.10.1988,8 PLN,12.57.135.141,Czech
600,Blondelle,Stairmand,bstairmandgn@elegantthemes.com,gSoK5o2c,Agender,true,07.10.1990,57 PLN,97.150.152.172,Gujarati
601,Tuck,Ovitts,tovittsgo@instagram.com,qMQ0c3YQqa,Male,false,17.11.2000,67 PLN,113.210.228.179,Kashmiri
602,Armin,Hunday,ahundaygp@webnode.com,uaS7f1nk8qk,Non-binary,false,06.05.1987,78 PLN,64.35.200.146,Fijian
603,Robbi,Durward,rdurwardgq@pinterest.com,mVzPtevyc,Female,false,08.01.1981,100 PLN,55.206.3.84,Swati
604,Hyatt,Swatman,hswatmangr@businesswire.com,369hMROieP,Genderqueer,false,16.05.1989,30 PLN,154.46.243.234,Chinese
605,Lucine,Sindle,lsindlegs@i2i.jp,L8rZPTcUoWm,Polygender,true,18.06.1988,15 PLN,220.99.45.233,Portuguese
606,Chev,Cosgreave,ccosgreavegt@craigslist.org,pUnK8Yz,Male,false,11.02.1997,91 PLN,237.240.228.109,Kyrgyz
607,Grissel,Barents,gbarentsgu@dropbox.com,NQPQjkrVHN4Y,Female,false,11.08.1983,28 PLN,88.123.218.179,Sotho
608,Bevan,Jakeman,bjakemangv@google.de,CAI1s3sATr5D,Non-binary,false,27.12.2006,78 PLN,5.241.85.43,Tetum
609,Mignon,Effnert,meffnertgw@army.mil,s6TBDS5bupGn,Female,false,24.12.2010,100 PLN,120.71.181.173,New Zealand Sign Language
610,Jacquie,Dutnell,jdutnellgx@cmu.edu,OuPFt13XL,Genderfluid,true,11.09.2003,100 PLN,81.92.63.88,Dari
611,Lynnett,Fleet,lfleetgy@wikipedia.org,p3AHSnvlse8,Genderqueer,true,18.09.2000,2 PLN,116.115.3.18,Marathi
612,Joey,Woodland,jwoodlandgz@cargocollective.com,DBKObs9p1,Female,true,23.03.2003,15 PLN,63.106.14.157,Māori
613,April,Dandison,adandisonh0@hhs.gov,rKoudeHv96,Genderqueer,false,22.09.1998,97 PLN,42.121.101.74,Italian
614,Kingsly,Ebenezer,kebenezerh1@pcworld.com,oT2kAl1B6,Polygender,false,03.04.2016,95 PLN,109.158.46.165,Estonian
615,Theressa,Breacher,tbreacherh2@blogger.com,CI5UV1R,Genderqueer,true,13.02.2017,90 PLN,98.167.204.38,Tetum
616,Phaidra,Aleshkov,paleshkovh3@discuz.net,kETuUL1,Genderfluid,false,12.08.1983,8 PLN,11.248.32.158,Punjabi
617,Chevalier,Marian,cmarianh4@list-manage.com,7HYgvGI,Non-binary,true,21.03.1990,77 PLN,187.188.59.181,Fijian
618,Rodolfo,Wellesley,rwellesleyh5@google.fr,n5LFO9S0md,Agender,true,14.12.2016,91 PLN,170.253.4.116,Polish
619,Violet,Arnatt,varnatth6@google.it,RfFJ778EkgQ,Genderqueer,false,21.02.1991,60 PLN,187.109.18.165,Georgian
620,Siobhan,Duncklee,sdunckleeh7@hao123.com,CfJ6FpRsMxo,Genderfluid,false,01.02.2005,82 PLN,175.219.79.172,English
621,Alvina,Sanger,asangerh8@amazon.de,3Vd9t2IK,Genderfluid,true,16.11.2019,95 PLN,204.72.52.224,Italian
622,Granny,Muggleston,gmugglestonh9@paginegialle.it,nck67AUgH7m,Genderqueer,true,09.12.1980,90 PLN,174.97.205.99,Hiri Motu
623,Kristofor,Niven,knivenha@bizjournals.com,lOXFfBAap,Agender,true,01.06.1984,92 PLN,253.25.199.102,Haitian Creole
624,Lukas,Camois,lcamoishb@nationalgeographic.com,kVjCBF51F,Bigender,true,30.11.1984,98 PLN,81.165.146.127,Danish
625,Yasmeen,Breeze,ybreezehc@freewebs.com,Ix1bGL,Genderqueer,true,23.03.2013,46 PLN,114.26.61.212,Filipino
626,Minta,Mullord,mmullordhd@t.co,zvBRJPXk,Genderqueer,false,09.08.1995,20 PLN,104.100.38.73,Gujarati
627,Miguela,Fitzgerald,mfitzgeraldhe@economist.com,Y7PV7bsFZ7Xs,Non-binary,false,18.02.1996,26 PLN,7.236.239.136,Persian
628,Camala,Genny,cgennyhf@ask.com,K5Q6DJBnse3o,Polygender,false,15.06.2014,80 PLN,125.215.28.150,Haitian Creole
629,Ardra,Spicer,aspicerhg@pbs.org,3vwpNoBBM,Bigender,true,03.10.2019,75 PLN,235.133.243.226,German
630,Sergio,Measham,smeashamhh@va.gov,Z7Hp911nX,Non-binary,true,01.03.2017,62 PLN,196.81.167.42,Haitian Creole
631,Trenna,Reinger,treingerhi@earthlink.net,lk4ogVC1fX,Non-binary,true,19.12.2020,69 PLN,29.80.197.0,Bislama
632,Sanderson,Dolley,sdolleyhj@theatlantic.com,93szm8umV,Non-binary,true,02.03.1989,17 PLN,36.137.105.27,Spanish
633,Leland,Doy,ldoyhk@weather.com,JVEFPhBR,Polygender,true,16.07.2006,12 PLN,198.122.65.227,Korean
634,Clio,Naire,cnairehl@1und1.de,cKygjOt,Female,false,05.08.1986,6 PLN,152.254.154.97,Irish Gaelic
635,Isaak,Parzizek,iparzizekhm@blinklist.com,vk0ewX,Non-binary,true,08.01.2007,74 PLN,187.245.111.203,Albanian
636,Dyane,Jeromson,djeromsonhn@house.gov,ChZvhYQN,Bigender,false,18.02.2005,33 PLN,161.199.65.170,Hungarian
637,Aidan,Truter,atruterho@friendfeed.com,iBGof9,Female,true,05.05.2007,29 PLN,55.108.128.221,Fijian
638,Sander,Sterry,ssterryhp@sakura.ne.jp,E4txSjS10V4e,Agender,false,21.09.2015,64 PLN,60.101.165.139,Bosnian
639,Melvin,Rosenblad,mrosenbladhq@barnesandnoble.com,j93a90,Polygender,false,17.05.2020,51 PLN,99.71.196.77,Hiri Motu
640,Sherwynd,Glide,sglidehr@freewebs.com,CdEbiquUiiE,Female,false,05.02.1993,28 PLN,179.47.217.251,Tetum
641,Erwin,Scudamore,escudamorehs@usnews.com,ARlHKhDJ,Non-binary,false,09.05.1998,87 PLN,141.175.176.117,Catalan
642,Theodoric,Bruneau,tbruneauht@usnews.com,DbUXVd03EzbU,Genderfluid,false,10.05.1991,55 PLN,52.211.48.63,Finnish
643,Neall,Do,ndohu@ihg.com,L4juzm2F0o,Female,true,15.09.2016,52 PLN,80.29.43.252,Assamese
644,Robbin,Redhills,rredhillshv@scribd.com,H30T34q5b,Genderfluid,false,06.04.1985,50 PLN,70.15.152.101,Estonian
645,Katleen,Farnell,kfarnellhw@fotki.com,XmUJkc1nb,Female,false,24.06.1987,49 PLN,202.242.209.46,Hindi
646,Talyah,Duce,tducehx@facebook.com,TUduuPkClqg,Polygender,false,05.04.1991,59 PLN,234.182.35.65,Kannada
647,Wyndham,Pendlenton,wpendlentonhy@hexun.com,SQBc9Usv,Genderfluid,true,24.05.2008,12 PLN,230.213.117.101,Moldovan
648,Shepperd,Rimbault,srimbaulthz@marriott.com,uLIounrIL,Genderfluid,false,14.04.1999,20 PLN,184.136.42.67,Haitian Creole
649,Kristopher,Kirvell,kkirvelli0@sbwire.com,nyagMpKHA4hH,Genderqueer,false,14.04.2021,2 PLN,1.229.70.202,Albanian
650,Alick,McCambrois,amccambroisi1@goo.ne.jp,ssvI2IW7,Non-binary,true,28.04.1993,62 PLN,188.196.103.173,West Frisian
651,Gradey,Hamblin,ghamblini2@rakuten.co.jp,7TvEGb7THKh,Agender,true,08.01.2003,33 PLN,95.19.186.45,New Zealand Sign Language
652,Worthy,Swinfen,wswinfeni3@irs.gov,VSixt8Ejyg,Male,false,26.08.1986,63 PLN,202.2.141.72,Fijian
653,Evelina,Lowers,elowersi4@sbwire.com,X2TdVUAapo,Female,true,13.11.2014,99 PLN,106.12.254.146,Italian
654,Venus,Sappell,vsappelli5@miitbeian.gov.cn,FxSWPseT,Non-binary,true,26.06.1991,47 PLN,224.175.103.228,Hebrew
655,Ker,Twyning,ktwyningi6@smh.com.au,Mvh1NSxfHY3,Bigender,false,18.08.2015,93 PLN,97.176.87.67,Italian
656,Alvie,Garlee,agarleei7@ed.gov,NjiKw8Ta,Genderfluid,false,11.01.2008,18 PLN,42.42.87.204,Quechua
657,Helene,Clampe,hclampei8@skype.com,ugCR8uELTyI,Genderfluid,true,29.08.2011,46 PLN,218.39.13.17,Hungarian
658,Adrianna,Tewes,atewesi9@sitemeter.com,JzaIMox,Genderqueer,false,23.06.1981,12 PLN,11.216.30.215,New Zealand Sign Language
659,Chloe,Manning,cmanningia@webnode.com,OcP9Xx4yu,Genderfluid,false,02.06.2013,10 PLN,86.169.241.0,English
660,Krystle,Bruinsma,kbruinsmaib@people.com.cn,UJK8wjWv,Bigender,true,23.08.2003,34 PLN,215.70.166.221,Arabic
661,Isaac,Pinchen,ipinchenic@mapquest.com,7xyxW0EnniB,Genderfluid,false,23.05.2020,33 PLN,157.95.50.38,Punjabi
662,Tomas,Wemes,twemesid@biblegateway.com,z6OXZ4GHi,Female,false,28.03.2000,75 PLN,7.44.76.54,Romanian
663,Dwain,Kubicka,dkubickaie@msu.edu,SPc0RQyb1,Agender,false,18.03.2004,13 PLN,121.168.136.243,Irish Gaelic
664,Robby,Sharply,rsharplyif@so-net.ne.jp,5CJkXEn,Male,false,19.06.2012,80 PLN,88.0.150.131,West Frisian
665,Daisi,Arnould,darnouldig@thetimes.co.uk,esklnlwRk,Polygender,true,03.11.2010,47 PLN,97.200.65.99,Swedish
666,Shandie,Dabinett,sdabinettih@netvibes.com,IoU9T27L,Genderfluid,true,09.02.2016,5 PLN,176.139.113.19,Swedish
667,Bryanty,Oulett,boulettii@toplist.cz,4IfwTlyeA,Genderfluid,true,15.03.2002,11 PLN,140.38.26.111,Spanish
668,Galven,Francom,gfrancomij@upenn.edu,Mikjfo414zc,Genderfluid,true,07.12.1994,76 PLN,5.230.211.3,Guaraní
669,Nixie,Orbine,norbineik@ftc.gov,lRsmSwK,Genderqueer,true,03.09.2001,95 PLN,98.214.170.84,Irish Gaelic
670,Nert,Durrington,ndurringtonil@arizona.edu,j0L8T4S4QcJ,Bigender,false,17.07.2004,38 PLN,148.87.141.118,Malay
671,Kurtis,Hunting,khuntingim@123-reg.co.uk,xR2U6U4bR4j,Genderfluid,false,15.09.1999,13 PLN,248.77.87.138,Filipino
672,Antin,Raylton,arayltonin@hc360.com,Kf8a66B,Male,true,16.06.2005,25 PLN,82.170.1.159,Northern Sotho
673,Michaella,Allans,mallansio@yale.edu,gUeInguy,Agender,false,05.07.1992,65 PLN,86.97.181.135,Bulgarian
674,Ari,Kay,akayip@sogou.com,RDD6Gp1V,Polygender,false,20.09.1995,86 PLN,55.242.193.255,Estonian
675,Lelah,Snellman,lsnellmaniq@statcounter.com,yibc5XRq7e,Female,false,19.06.1993,6 PLN,92.30.198.174,Moldovan
676,Lucina,Gabriel,lgabrielir@house.gov,wSlRhv,Non-binary,false,18.10.1989,8 PLN,160.153.10.253,Azeri
677,Hunfredo,Fenty,hfentyis@apache.org,fLg4L3SuqY,Female,false,20.02.2013,67 PLN,197.70.1.236,Czech
678,Hyacinthie,Philot,hphilotit@domainmarket.com,965NFK1OvcZ5,Polygender,false,11.07.2010,65 PLN,8.12.98.239,Nepali
679,Oliviero,Pavlov,opavloviu@wired.com,5dmzE3,Agender,false,07.05.1994,49 PLN,254.225.197.88,Maltese
680,Martie,Boon,mbooniv@gov.uk,p57Km777Wxlm,Female,false,26.11.1989,24 PLN,69.169.151.107,Moldovan
681,Chase,Exroll,cexrolliw@devhub.com,6dSzQ6F3,Male,false,30.03.1990,52 PLN,103.150.8.229,Khmer
682,Lou,Skells,lskellsix@webs.com,KHnC4SeIpK9B,Agender,false,11.03.1996,55 PLN,218.94.182.105,Assamese
683,Lay,Davitti,ldavittiiy@yahoo.co.jp,0aNU9N,Genderfluid,false,02.02.2002,22 PLN,238.116.241.155,Pashto
684,Gaelan,Curds,gcurdsiz@clickbank.net,CrKd9ZyFEdQm,Genderqueer,true,13.06.2003,84 PLN,71.47.18.205,Azeri
685,Godiva,Broun,gbrounj0@usda.gov,eKXolye,Female,true,11.06.2020,46 PLN,220.210.99.80,Azeri
686,Harp,Uttermare,huttermarej1@imdb.com,6jdt7THrZEn,Bigender,false,08.08.2012,82 PLN,174.51.219.132,Albanian
687,Tadio,Peers,tpeersj2@amazon.co.jp,2fWVG8B1x2sv,Genderqueer,false,14.10.1999,55 PLN,83.137.180.88,Hungarian
688,Barron,Treherne,btrehernej3@princeton.edu,zUJ9L9,Genderqueer,false,09.10.2003,74 PLN,129.234.254.245,Tamil
689,Jimmy,Altofts,jaltoftsj4@xinhuanet.com,hkaMN8H3ZX7,Female,false,31.05.2007,2 PLN,64.124.170.71,Dutch
690,Raffaello,Whitfield,rwhitfieldj5@answers.com,huWNK2dUDozI,Genderqueer,true,21.07.2001,7 PLN,101.54.223.223,Moldovan
691,Robbyn,Saffer,rsafferj6@eepurl.com,4RR82DRgT8e,Male,true,08.04.1994,60 PLN,136.243.188.244,Swati
692,Stepha,Leavry,sleavryj7@google.ca,8TlyhIQ,Agender,false,08.07.2004,44 PLN,225.59.121.183,Portuguese
693,Willem,Nisbith,wnisbithj8@mlb.com,9XDBoR,Bigender,true,27.02.2001,30 PLN,161.202.114.4,Norwegian
694,Sonnie,Sach,ssachj9@nasa.gov,WPEWgczqDy7,Agender,false,22.11.2017,68 PLN,178.134.4.142,Kazakh
695,Rey,Lyons,rlyonsja@privacy.gov.au,VjW6sJjciFqz,Male,false,27.08.2017,27 PLN,174.29.107.99,Oriya
696,Latisha,Di Ruggero,ldiruggerojb@trellian.com,cxsGbejZJBVE,Genderqueer,false,05.12.2012,57 PLN,226.201.88.134,Irish Gaelic
697,Lorry,Worms,lwormsjc@youku.com,vcYhYtV,Male,true,28.07.1984,57 PLN,240.181.190.131,Lithuanian
698,Christean,Hassen,chassenjd@state.tx.us,iNuv44jcODKN,Male,true,02.01.1996,98 PLN,248.110.8.68,Macedonian
699,Tore,Hassin,thassinje@yale.edu,vgfBePFPaMNe,Bigender,false,17.05.1991,36 PLN,155.239.43.211,Dzongkha
700,Aubree,Haulkham,ahaulkhamjf@macromedia.com,ZbQGIf,Non-binary,false,13.06.1995,96 PLN,116.213.139.179,New Zealand Sign Language
701,Nealy,Nani,nnanijg@abc.net.au,YkLTDI3M4xL,Female,true,17.09.1984,87 PLN,131.41.239.201,Japanese
702,Olga,Dalyiel,odalyieljh@loc.gov,wj9UW5B,Female,false,20.12.2012,75 PLN,246.159.188.52,Hebrew
703,Nelle,Bluck,nbluckji@last.fm,buHbMY,Bigender,false,02.01.2011,10 PLN,22.114.218.231,Kannada
704,Daisi,Lucio,dluciojj@mayoclinic.com,dHw95PR,Polygender,true,16.10.2007,69 PLN,244.161.29.236,Quechua
705,Johnny,Heis,jheisjk@bigcartel.com,49WaHN,Genderqueer,true,25.04.1993,4 PLN,53.87.154.58,Amharic
706,Zonda,Bischoff,zbischoffjl@dmoz.org,iYtRRY84,Genderqueer,true,15.09.1994,39 PLN,47.204.239.126,Malayalam
707,Faith,Kremer,fkremerjm@japanpost.jp,reFw2egNL1,Agender,true,15.09.2005,38 PLN,191.238.222.26,Papiamento
708,Terence,Organer,torganerjn@sina.com.cn,8o0whVVv,Genderfluid,false,02.12.2005,94 PLN,79.27.95.111,Catalan
709,Zaccaria,Rigney,zrigneyjo@purevolume.com,r6ra8aKIC9Sz,Bigender,false,23.06.1988,75 PLN,199.253.94.4,Mongolian
710,Filbert,Meletti,fmelettijp@skype.com,RRbA3o,Agender,false,21.11.2011,60 PLN,108.253.50.202,Polish
711,Eveline,Verduin,everduinjq@walmart.com,FgxPKIlGQiec,Bigender,false,19.02.1990,62 PLN,220.252.9.80,West Frisian
712,Rozele,Fiennes,rfiennesjr@jiathis.com,UlefnGLvNe,Agender,false,12.09.1996,29 PLN,25.108.7.101,Bislama
713,Harmonia,Carss,hcarssjs@feedburner.com,EvCAUOvRpgx,Female,false,04.10.1999,14 PLN,234.216.67.107,Tetum
714,Celesta,Lilley,clilleyjt@linkedin.com,Y20zShG6vqw,Polygender,false,12.02.2010,34 PLN,216.38.228.79,Maltese
715,Giustino,Royl,groylju@toplist.cz,cwufalw,Non-binary,true,22.12.1999,78 PLN,138.40.22.222,Japanese
716,Melva,Radbourne,mradbournejv@ucsd.edu,JNIf9ooSM,Polygender,false,24.06.2020,99 PLN,40.178.59.235,Indonesian
717,Lonnie,Prudham,lprudhamjw@hatena.ne.jp,DUUcCqyYeUf,Genderqueer,true,26.01.1988,30 PLN,28.176.15.184,Lithuanian
718,Tammy,Poile,tpoilejx@spotify.com,871s6e,Male,false,08.03.2007,25 PLN,9.238.44.25,Lao
719,Edvard,Dorn,edornjy@nba.com,WlQ7d9QRNm6G,Polygender,true,13.05.2006,17 PLN,207.213.6.183,Malagasy
720,Ava,Stopher,astopherjz@yellowpages.com,BayprThLD,Non-binary,false,06.02.2015,47 PLN,117.3.225.49,Haitian Creole
721,Quinn,Gullen,qgullenk0@mail.ru,jwwhSAGt4si,Genderfluid,false,04.04.1997,51 PLN,238.99.197.12,Albanian
722,Rebekkah,Ramlot,rramlotk1@fastcompany.com,NGYkwaCTl,Bigender,false,15.09.2008,3 PLN,13.239.194.32,New Zealand Sign Language
723,Kaiser,Bescoby,kbescobyk2@etsy.com,nCoah7D6,Female,true,24.08.2006,48 PLN,209.42.186.175,Swati
724,Melanie,Matteoni,mmatteonik3@auda.org.au,7ISv3oGg,Genderqueer,true,15.11.2013,43 PLN,63.170.95.119,Croatian
725,Allys,Lowndesbrough,alowndesbroughk4@sourceforge.net,c1s8UgiTBqw,Polygender,false,30.12.2006,17 PLN,3.249.241.173,Quechua
726,Worthy,Duprey,wdupreyk5@cmu.edu,7fQ4Nf8,Polygender,true,25.09.1989,63 PLN,186.56.104.62,Gujarati
727,Janina,Shout,jshoutk6@github.com,nTK4bau,Bigender,true,14.07.2016,64 PLN,203.81.244.23,Bislama
728,Sigismond,Foote,sfootek7@shutterfly.com,ijZZbJmy4LS,Male,true,24.01.2001,98 PLN,197.170.184.135,Kannada
729,Cherri,Synder,csynderk8@ycombinator.com,lJxv6ifh,Bigender,false,08.08.2010,11 PLN,5.98.173.66,Czech
730,Radcliffe,Reynoldson,rreynoldsonk9@google.nl,eJ2ZvEHyt,Non-binary,false,05.03.1981,46 PLN,171.230.128.158,Latvian
731,Eada,Baline,ebalineka@exblog.jp,KGwkhVP,Non-binary,true,11.05.1996,85 PLN,190.195.123.224,Finnish
732,Vina,Bencher,vbencherkb@nature.com,vrFuzgXTuCwl,Genderqueer,true,15.09.1994,95 PLN,27.145.88.136,Irish Gaelic
733,Rodie,Crighton,rcrightonkc@paginegialle.it,i2dF2npKX,Genderfluid,false,20.09.1993,66 PLN,67.34.111.165,Kannada
734,Hugues,Bosden,hbosdenkd@dot.gov,Ys28uzU5,Male,false,03.03.2012,77 PLN,240.124.13.213,Italian
735,Julio,Rainbow,jrainbowke@de.vu,Lh2gSVltN,Genderqueer,false,01.08.2019,60 PLN,245.43.93.178,Georgian
736,Stepha,Rubinchik,srubinchikkf@mayoclinic.com,OQQ4eJGm,Male,true,19.10.2019,32 PLN,246.35.211.204,Burmese
737,David,Klimshuk,dklimshukkg@redcross.org,OQNQeTZLVkeW,Agender,false,08.07.2010,37 PLN,165.83.35.227,Indonesian
738,Nathanil,Blindt,nblindtkh@digg.com,4oeUx3Up,Non-binary,false,03.05.1990,72 PLN,93.252.180.160,Japanese
739,Freda,Scatcher,fscatcherki@amazon.com,6cKPNSA,Polygender,false,27.04.2001,70 PLN,143.40.57.83,Yiddish
740,Shantee,Rugge,sruggekj@instagram.com,MSS6oVM5jhsR,Bigender,false,24.02.2018,4 PLN,114.176.127.92,Finnish
741,Linnet,Franceschi,lfranceschikk@bbb.org,ja2fb6blbSA,Non-binary,false,14.01.2000,56 PLN,112.250.16.33,Lao
742,Ray,Axelbee,raxelbeekl@gnu.org,DJSz9FU,Male,false,25.08.1982,53 PLN,89.147.40.230,Montenegrin
743,Justinian,Rowler,jrowlerkm@sourceforge.net,IhM9x1ttITzz,Agender,true,07.04.1987,81 PLN,35.172.219.8,English
744,Bartlet,Conws,bconwskn@theatlantic.com,vdhf6CAjXx,Polygender,true,01.07.2016,6 PLN,180.169.94.196,Montenegrin
745,Artemas,Newman,anewmanko@ebay.com,8Q3rWHbClP5d,Female,true,19.07.2017,70 PLN,118.34.161.172,Dutch
746,Almire,Ledbury,aledburykp@nasa.gov,7OQagZLX5,Polygender,true,29.10.1994,31 PLN,71.94.237.19,Guaraní
747,Lisabeth,Linder,llinderkq@newsvine.com,5hcYtW,Female,true,26.08.2021,53 PLN,251.39.69.155,Malagasy
748,Blane,Girardez,bgirardezkr@canalblog.com,l5sI6JrSKV,Female,false,03.09.2000,82 PLN,209.52.2.176,Georgian
749,Hallsy,Newlin,hnewlinks@xinhuanet.com,BAPwrTVcyq,Genderqueer,true,18.12.1980,41 PLN,35.60.46.102,Azeri
750,Justinian,Beaton,jbeatonkt@imgur.com,IY0Wx18vlk,Genderfluid,false,14.03.1990,65 PLN,250.34.4.23,Lithuanian
751,Sansone,Kimbrough,skimbroughku@simplemachines.org,MD47ZiLyW,Agender,true,29.08.1990,32 PLN,48.140.88.19,Khmer
752,Aimil,Grimsditch,agrimsditchkv@unblog.fr,6ESYMePDVF,Polygender,true,24.12.2009,33 PLN,203.230.251.225,Pashto
753,Hendrika,Greystock,hgreystockkw@homestead.com,V9CyDqlzgW,Genderfluid,false,13.07.1995,86 PLN,114.24.109.129,Belarusian
754,Laurie,Colls,lcollskx@rakuten.co.jp,gLot9aHzbA7R,Polygender,true,25.05.2010,27 PLN,185.66.242.44,Greek
755,Doralyn,Elsay,delsayky@youtube.com,jBG7byEbyU,Non-binary,true,07.03.1999,85 PLN,34.104.27.209,Malay
756,Abrahan,Sallarie,asallariekz@rediff.com,1KnLvXP8R,Agender,true,05.11.1981,67 PLN,55.214.202.43,Irish Gaelic
757,Spencer,Ivashintsov,sivashintsovl0@cnet.com,RJG3rJ8OGVGp,Non-binary,true,15.09.1994,63 PLN,36.48.71.11,Hiri Motu
758,Dinny,Casterou,dcasteroul1@examiner.com,7UzjXUvx,Female,false,05.09.2010,18 PLN,227.252.204.54,Telugu
759,Baudoin,Whibley,bwhibleyl2@cisco.com,dT2Qh2Xtv5Cz,Male,false,24.12.1998,9 PLN,0.136.170.148,Lao
760,Waite,Janssens,wjanssensl3@mayoclinic.com,dVyC5PQtUe,Genderqueer,true,18.07.1982,92 PLN,84.114.246.2,Finnish
761,Amble,Dessent,adessentl4@twitter.com,bJpGEr,Polygender,true,12.09.2006,14 PLN,65.162.154.186,Telugu
762,Felicia,Karpmann,fkarpmannl5@over-blog.com,3ybAho7hnWiQ,Male,true,15.01.2021,66 PLN,247.235.216.111,Nepali
763,Alma,Lytlle,alytllel6@wikipedia.org,Avt4z8Bqy,Genderqueer,true,25.05.1985,14 PLN,1.227.115.225,Kazakh
764,Doug,Ell,delll7@woothemes.com,tBN7AqnrDk,Genderqueer,false,17.06.2014,59 PLN,193.247.158.54,Tajik
765,Chico,Abbots,cabbotsl8@a8.net,fjgvGZkE,Genderfluid,true,05.10.1981,15 PLN,70.236.49.223,Estonian
766,Cherlyn,Loding,clodingl9@mozilla.org,AfSW0j5,Genderfluid,false,23.01.1993,92 PLN,111.52.116.176,Hebrew
767,Auberon,Kopec,akopecla@home.pl,2UBDPvXuCpIi,Agender,false,07.06.1997,23 PLN,224.55.227.234,Malayalam
768,Irina,Fallawe,ifallawelb@goo.gl,Tn1TlSAqTanU,Genderfluid,false,25.06.2017,88 PLN,231.236.5.201,Spanish
769,Ileana,Bardell,ibardelllc@shinystat.com,SXdACZgmA,Genderfluid,false,24.04.2008,16 PLN,37.210.253.165,Latvian
770,Rad,Angier,rangierld@godaddy.com,nboiIU0tm,Bigender,true,27.09.1989,12 PLN,82.60.38.124,Czech
771,Madel,Sowrey,msowreyle@parallels.com,6OTZuAYXPp,Genderfluid,false,29.01.2014,18 PLN,248.26.69.181,Tajik
772,Nikki,Pretley,npretleylf@1688.com,YOEl1Yei,Polygender,false,07.04.2020,59 PLN,146.230.79.51,New Zealand Sign Language
773,Colly,Paulson,cpaulsonlg@usatoday.com,Nw4Y28vEOOK,Genderfluid,true,19.09.2016,85 PLN,229.5.172.41,Papiamento
774,Joy,De Mars,jdemarslh@amazon.co.uk,wdo0k7xWM,Agender,true,26.01.2009,12 PLN,27.83.21.117,English
775,Juliane,Edington,jedingtonli@cnet.com,oPjvNF5,Male,false,21.04.1991,5 PLN,0.193.49.68,Assamese
776,Dion,Choake,dchoakelj@washingtonpost.com,HGZIGH,Non-binary,true,26.03.1993,7 PLN,153.48.255.65,Malay
777,Indira,Deniso,idenisolk@angelfire.com,IvO7OJ,Agender,true,26.06.2014,1 PLN,103.107.72.206,Armenian
778,Edouard,Krol,ekrolll@wiley.com,PVumrlsWDkFO,Bigender,true,07.04.2001,8 PLN,103.249.221.125,Greek
779,Von,Masdon,vmasdonlm@bigcartel.com,0NQMnj,Genderfluid,false,23.04.1995,6 PLN,153.147.61.92,Arabic
780,Mason,Manley,mmanleyln@yellowbook.com,7Z0uR62970e,Bigender,false,19.10.2017,56 PLN,230.214.110.42,Estonian
781,Holli,Shoosmith,hshoosmithlo@fc2.com,RXCs31SquRrp,Female,true,25.08.2004,10 PLN,75.50.124.104,Kashmiri
782,Buiron,Gilluley,bgilluleylp@feedburner.com,iOZGoCfontHk,Bigender,false,27.04.2015,15 PLN,164.169.61.78,Fijian
783,Padgett,Ravenshear,pravenshearlq@pen.io,Q7yWAxxigP7,Bigender,false,22.09.1993,6 PLN,164.55.112.68,Zulu
784,Natal,Forestall,nforestalllr@java.com,YRaCKTLH4J,Bigender,false,25.07.1995,98 PLN,49.217.55.194,Tswana
785,Nye,Leebetter,nleebetterls@sogou.com,Cmn5Xd74w2pX,Bigender,false,24.08.2008,1 PLN,163.155.37.9,Punjabi
786,Zerk,Dundon,zdundonlt@mashable.com,lVq8KGz58TE,Polygender,false,22.05.1997,47 PLN,134.176.186.145,Hungarian
787,Wit,Ginley,wginleylu@mayoclinic.com,PtQfORKCI4lT,Bigender,false,26.04.2015,78 PLN,61.49.201.10,Gagauz
788,Ardella,Aland,aalandlv@edublogs.org,nJNBvl3,Non-binary,true,17.05.2020,55 PLN,158.129.79.121,Khmer
789,Rudiger,Westfield,rwestfieldlw@dagondesign.com,ETvVGY,Genderfluid,false,11.11.2020,4 PLN,120.227.43.5,Czech
790,Layney,Reynish,lreynishlx@themeforest.net,GpSaCbi,Genderfluid,false,23.09.2021,93 PLN,4.204.130.57,Latvian
791,Farrand,Garn,fgarnly@seattletimes.com,fQIb2OJ,Non-binary,false,02.05.2016,74 PLN,67.212.181.152,Belarusian
792,Antoni,Danielczyk,adanielczyklz@etsy.com,GfxmUXAm,Genderfluid,false,30.06.1995,52 PLN,88.36.7.142,Malay
793,Ricky,Selvester,rselvesterm0@parallels.com,BnI3kD381c,Non-binary,false,05.12.2018,88 PLN,41.22.163.199,Macedonian
794,Tades,Gwioneth,tgwionethm1@upenn.edu,3eO50a,Genderfluid,true,13.04.2002,31 PLN,131.166.108.61,Tamil
795,Beverlie,Needham,bneedhamm2@drupal.org,dSI7BV,Genderfluid,true,19.10.2013,77 PLN,22.51.117.128,Kashmiri
796,Kattie,Spincke,kspinckem3@toplist.cz,QlAgz9s,Bigender,true,18.11.1982,88 PLN,235.222.64.111,Kurdish
797,Aurelea,Goozee,agoozeem4@topsy.com,SqHB2gNVUks,Genderfluid,true,05.04.2004,86 PLN,5.247.178.150,Catalan
798,Georg,Chaves,gchavesm5@friendfeed.com,69JlfZUr,Agender,true,13.08.1984,76 PLN,68.105.203.12,Icelandic
799,Gothart,Bernt,gberntm6@netscape.com,NkvuyqU,Agender,false,23.07.2001,25 PLN,102.81.20.212,Afrikaans
800,Bibbie,Craigs,bcraigsm7@time.com,Hlr352vZ,Genderfluid,false,28.11.1986,19 PLN,37.27.101.23,Hiri Motu
801,Trisha,Shilvock,tshilvockm8@diigo.com,TzfmICPbidM5,Male,true,21.07.2008,90 PLN,240.195.153.29,Amharic
802,Billye,Weadick,bweadickm9@usnews.com,JXPkOUj,Genderqueer,true,02.11.1995,99 PLN,142.226.249.4,Croatian
803,Bron,Gemelli,bgemellima@slashdot.org,A3lNAhrOx9,Female,false,24.02.1994,8 PLN,153.171.253.48,Punjabi
804,Ches,Valentine,cvalentinemb@biblegateway.com,uUKwpGJfz,Female,false,04.03.1998,26 PLN,117.91.35.163,Kannada
805,Dorise,Foulis,dfoulismc@photobucket.com,YFsqFZd10,Agender,false,13.03.2004,92 PLN,102.150.164.53,Papiamento
806,Jeannine,Ferier,jferiermd@prlog.org,PL1JqmLEK,Male,false,13.04.2012,93 PLN,154.109.9.219,Zulu
807,Aleda,Millership,amillershipme@wikimedia.org,FZQPm8aZ8C,Genderfluid,false,02.03.1987,25 PLN,134.80.26.220,Chinese
808,Robinia,Pahlsson,rpahlssonmf@sciencedaily.com,4Ar23DNcPw7,Agender,true,21.06.1991,35 PLN,10.59.65.207,Armenian
809,Roobbie,Fulcher,rfulchermg@aol.com,MkAH3JwUj,Bigender,false,24.04.2015,94 PLN,145.178.98.126,Belarusian
810,Gregor,Grafhom,ggrafhommh@nbcnews.com,JxFP6xn,Bigender,false,13.01.1993,21 PLN,221.144.177.144,Japanese
811,Otha,Fillon,ofillonmi@acquirethisname.com,4rrT0nPG,Genderqueer,true,20.01.1997,60 PLN,163.75.56.195,Kyrgyz
812,Aubrette,Craigie,acraigiemj@t-online.de,laOPk2L,Polygender,false,27.07.2009,57 PLN,28.204.157.89,Zulu
813,Pansy,Cardillo,pcardillomk@lycos.com,AxAW7NDkLebx,Genderqueer,true,03.10.2021,61 PLN,244.198.216.100,Maltese
814,Hazlett,Donwell,hdonwellml@about.me,ZvOexv9IOUq,Bigender,false,08.12.1990,64 PLN,69.151.204.126,Bislama
815,Sebastiano,Bowcock,sbowcockmm@mlb.com,w8cJvdCXZjnv,Genderfluid,false,26.10.2019,70 PLN,202.153.31.242,Thai
816,Yehudit,Willingam,ywillingammn@tripadvisor.com,9N1XbH,Male,true,26.01.2012,68 PLN,218.42.161.175,Hungarian
817,Ken,Penton,kpentonmo@blogspot.com,UkDShD6F4GId,Genderfluid,false,15.11.2021,1 PLN,120.23.185.139,Papiamento
818,Marc,Ellacombe,mellacombemp@eventbrite.com,sJdCm9kmio,Genderqueer,false,17.06.2001,96 PLN,253.121.240.144,Pashto
819,Arabela,Phlippsen,aphlippsenmq@webeden.co.uk,jjbJS9,Female,true,05.07.2019,32 PLN,83.188.90.108,Pashto
820,Nicolette,Rudiger,nrudigermr@sogou.com,KUMvI1Up3NLy,Genderfluid,true,28.06.1997,82 PLN,9.131.90.189,Māori
821,Maximo,Pailin,mpailinms@nationalgeographic.com,hTmN00yA,Genderfluid,false,14.03.1995,61 PLN,32.219.219.97,Amharic
822,Michale,Tingcomb,mtingcombmt@theglobeandmail.com,ZLik7NuO30,Male,true,14.06.2014,63 PLN,54.80.117.254,Marathi
823,Meredith,Oolahan,moolahanmu@wufoo.com,vlsXXF1,Agender,false,14.05.1981,97 PLN,249.93.85.57,Macedonian
824,Angelika,Lanchbury,alanchburymv@rambler.ru,UITn2V5Y,Polygender,false,06.06.2017,68 PLN,107.140.144.39,Hungarian
825,Lionel,Bratten,lbrattenmw@unesco.org,om5QV3yoBcU8,Polygender,false,18.05.1988,21 PLN,182.49.18.239,Greek
826,Hilary,Gounod,hgounodmx@mayoclinic.com,IInEnEqqKU,Polygender,true,02.01.1997,26 PLN,140.72.203.136,Montenegrin
827,Shaine,Bosche,sboschemy@ameblo.jp,IwwMYx,Male,false,08.12.1989,19 PLN,149.193.243.126,Punjabi
828,Pauli,Rittelmeyer,prittelmeyermz@jimdo.com,1b5UwWnGOi,Agender,true,07.03.1987,21 PLN,157.155.123.136,Malay
829,Lutero,Glasgow,lglasgown0@sphinn.com,kpcsJrk,Male,true,20.03.1993,7 PLN,230.134.36.186,New Zealand Sign Language
830,Darda,Gaddesby,dgaddesbyn1@cbslocal.com,mZxHgNy,Female,true,03.07.1986,74 PLN,0.204.113.97,Punjabi
831,Gilberte,Brisset,gbrissetn2@people.com.cn,m6N1Iyf,Genderqueer,true,19.12.2016,51 PLN,215.107.174.232,Lithuanian
832,Gypsy,Jumel,gjumeln3@fastcompany.com,GZLUQXrPNx,Genderfluid,false,08.07.1997,71 PLN,190.100.104.19,Kannada
833,Amos,Hurling,ahurlingn4@indiatimes.com,U32vFLc4C2o,Genderfluid,false,12.05.1992,63 PLN,112.89.159.255,Latvian
834,Etienne,Bessett,ebessettn5@163.com,9QbXrSHbk,Male,true,26.04.1999,78 PLN,255.172.206.230,Portuguese
835,Lu,Mattiussi,lmattiussin6@storify.com,ioGcFTlLoc,Bigender,true,21.03.1985,48 PLN,187.108.204.44,Belarusian
836,Stepha,Quiddihy,squiddihyn7@amazon.co.jp,2HDCiS,Genderqueer,true,04.11.2017,16 PLN,200.1.16.7,Icelandic
837,Batsheva,Emmot,bemmotn8@ebay.com,StjAjzCxGAMC,Polygender,false,26.03.2018,72 PLN,135.59.236.47,Persian
838,Wallache,Speeding,wspeedingn9@t.co,VyahCBQqE,Agender,false,29.08.1990,51 PLN,0.30.1.198,Kashmiri
839,Isabella,Credland,icredlandna@techcrunch.com,AKFRhMUbgM,Genderfluid,true,08.01.1993,91 PLN,234.6.161.57,Irish Gaelic
840,Lauryn,Benam,lbenamnb@51.la,kDbY23Y3jZSA,Non-binary,false,13.09.1985,49 PLN,251.249.139.104,English
841,Broddy,Clapshaw,bclapshawnc@ox.ac.uk,EvhPmjKd,Non-binary,true,30.09.2005,15 PLN,238.176.10.155,Burmese
842,Rheba,Farnes,rfarnesnd@macromedia.com,7OctH4w03j5x,Genderfluid,true,31.10.1993,32 PLN,192.211.217.168,Estonian
843,Clarice,Lapere,claperene@utexas.edu,piKz9g0,Genderfluid,true,24.01.2009,43 PLN,185.2.6.195,Catalan
844,Stephannie,Sayce,ssaycenf@github.io,Ie29Iu7vOgs,Polygender,false,27.04.2017,17 PLN,197.198.253.51,Indonesian
845,Killie,Reddell,kreddellng@nps.gov,dLOLww,Genderqueer,true,04.12.1981,80 PLN,137.156.134.129,Nepali
846,Dougy,Elleyne,delleynenh@alexa.com,ByRcq6lkW,Agender,true,16.07.2006,32 PLN,189.254.191.13,Thai
847,Clarette,Malby,cmalbyni@canalblog.com,ueRN3c1BSn,Agender,true,07.07.1982,93 PLN,83.177.135.113,Swati
848,Jsandye,Shee,jsheenj@cnbc.com,4sfPeq1wYewb,Bigender,true,23.08.1987,12 PLN,55.253.93.238,Afrikaans
849,Sax,Form,sformnk@netlog.com,ydnHeDHkrl,Polygender,true,27.05.2006,17 PLN,238.173.97.136,Maltese
850,Orsola,Gabbitas,ogabbitasnl@economist.com,4T007KqsmdX,Non-binary,true,08.08.2013,66 PLN,171.247.118.199,Pashto
851,Vachel,MacConnechie,vmacconnechienm@bbb.org,sl5FvLwxRCYM,Polygender,false,10.10.1996,22 PLN,52.102.71.10,Polish
852,Zechariah,Kilfether,zkilfethernn@java.com,iCs7qnahdxh1,Bigender,false,04.09.2007,59 PLN,206.212.128.67,Khmer
853,Maurizia,Perford,mperfordno@umich.edu,xQMK6DQOPR,Female,true,30.12.1982,69 PLN,98.136.160.244,Northern Sotho
854,Lammond,Pitrasso,lpitrassonp@si.edu,JmJlCXQYQ9,Genderfluid,false,29.11.1994,87 PLN,168.47.210.74,Pashto
855,Chantalle,Yegorkov,cyegorkovnq@angelfire.com,WbtIP4B,Male,false,03.11.1982,85 PLN,141.141.72.90,Hebrew
856,Ossie,Smyth,osmythnr@globo.com,VhYEHp4XPzF,Agender,false,26.08.2013,44 PLN,50.32.247.123,German
857,Livia,Iltchev,liltchevns@dmoz.org,gZrvPq,Bigender,true,08.03.2018,51 PLN,156.74.196.203,Albanian
858,Koren,Gentile,kgentilent@google.ru,Zb55BXgrIl,Agender,false,18.03.2018,96 PLN,142.82.40.186,Ndebele
859,Bondon,Sutehall,bsutehallnu@prweb.com,y3DRvp,Genderfluid,true,30.06.2009,66 PLN,147.117.70.246,Indonesian
860,Ahmad,Corden,acordennv@ed.gov,7bWoq4Qhe,Polygender,false,24.10.2002,89 PLN,175.97.181.1,Tajik
861,Del,Stapleton,dstapletonnw@netscape.com,Kb5JK7n7EWls,Non-binary,true,20.07.2012,100 PLN,124.100.42.237,Croatian
862,Jeromy,Braddick,jbraddicknx@t.co,VGsMF7rRFY,Bigender,false,22.02.2014,65 PLN,68.141.159.246,Arabic
863,Angeline,Dhillon,adhillonny@cbsnews.com,7hitUx1a2hbh,Non-binary,true,27.02.2010,24 PLN,174.188.36.248,Tswana
864,Garrett,Bell,gbellnz@businessweek.com,9kFf4KcGr4,Genderfluid,false,09.08.2013,32 PLN,177.149.144.3,Kannada
865,Iona,Piesing,ipiesingo0@patch.com,CCjyZ3MW,Female,false,12.03.2018,74 PLN,102.103.40.48,Assamese
866,Shelly,Buxy,sbuxyo1@fotki.com,9x0etaJJXZ,Non-binary,true,30.07.2017,58 PLN,252.77.68.3,Chinese
867,Lurleen,McClunaghan,lmcclunaghano2@networksolutions.com,78sSjU,Non-binary,false,22.07.1982,89 PLN,155.57.130.163,Georgian
868,Kerry,Morgue,kmorgueo3@wix.com,AcYJaDN,Female,false,27.10.2012,2 PLN,121.200.188.172,Gagauz
869,Vachel,Albery,valberyo4@ow.ly,oXyh3dwt,Non-binary,true,12.10.1999,24 PLN,180.192.46.111,Kashmiri
870,Ilaire,O'Kynsillaghe,iokynsillagheo5@arstechnica.com,zlf2Urd,Bigender,true,05.10.1983,39 PLN,195.83.96.192,Romanian
871,Aaren,Huke,ahukeo6@godaddy.com,ts07X6NrTh,Genderfluid,true,26.03.1998,60 PLN,27.136.205.37,Irish Gaelic
872,Barnabas,Beresfore,bberesforeo7@unicef.org,4j76zf,Polygender,true,09.06.1985,20 PLN,117.111.87.75,Thai
873,Earvin,Mascall,emascallo8@marriott.com,OkXNFpeWMjPk,Bigender,true,16.08.1994,60 PLN,89.126.100.65,Dzongkha
874,Sinclair,O'Docherty,sodochertyo9@goo.gl,TPhMXbF,Female,false,29.04.2019,75 PLN,125.45.33.5,Norwegian
875,Jonas,Mowen,jmowenoa@go.com,orsiB1abpLH,Genderfluid,false,09.03.1982,9 PLN,56.40.102.3,Bosnian
876,Jacquenette,Beddoe,jbeddoeob@blog.com,J1D6t0bAx7,Polygender,true,10.03.2005,69 PLN,12.183.132.98,Burmese
877,Tadd,Simonsen,tsimonsenoc@illinois.edu,WxKUSa,Female,true,08.04.1995,31 PLN,124.61.125.202,Spanish
878,Milt,Copnell,mcopnellod@timesonline.co.uk,ZpODfLc0,Female,false,24.02.1997,20 PLN,175.48.80.242,Sotho
879,Maudie,Roy,mroyoe@dyndns.org,Y1lKDr,Agender,false,17.08.1998,92 PLN,191.53.207.108,Marathi
880,Tracey,Erat,teratof@chronoengine.com,zlOickM,Genderfluid,true,05.01.1985,73 PLN,189.187.217.159,Macedonian
881,Fabio,Filchagin,ffilchaginog@com.com,ebZ7Ksb,Agender,true,11.02.1987,29 PLN,200.235.30.104,English
882,Rogerio,Ramelot,rramelotoh@tripod.com,SUBHDN7Na3R9,Polygender,true,16.10.1982,46 PLN,50.219.191.18,West Frisian
883,Karlan,Vercruysse,kvercruysseoi@sohu.com,FsVYqBWGFm,Genderqueer,false,07.11.1987,31 PLN,72.61.16.60,Hiri Motu
884,Leandra,Patterfield,lpatterfieldoj@lulu.com,95yyoUuL,Genderqueer,false,23.06.1999,89 PLN,142.105.155.171,Papiamento
885,Garnet,Mitchell,gmitchellok@eventbrite.com,JGseDM,Bigender,false,29.01.2017,27 PLN,51.31.34.119,Finnish
886,Edouard,Rockliffe,erockliffeol@angelfire.com,fbLuu48CV,Genderqueer,true,21.10.1983,59 PLN,206.26.246.146,Telugu
887,Bevon,Biggadike,bbiggadikeom@dmoz.org,eZ1GHvXhv3n,Genderqueer,true,15.09.1996,65 PLN,37.35.77.180,Macedonian
888,Xena,Biddlecombe,xbiddlecombeon@vinaora.com,BPsp0Kzx,Genderqueer,true,28.08.2006,84 PLN,154.183.186.19,Tetum
889,Vicky,Trice,vtriceoo@vimeo.com,YwfCbDe2,Bigender,true,11.12.2006,36 PLN,246.242.216.231,Kannada
890,Sukey,Pybworth,spybworthop@nhs.uk,dmFw1D8Xp4k,Genderqueer,false,30.10.1999,27 PLN,32.232.138.209,New Zealand Sign Language
891,Gus,Bowring,gbowringoq@apple.com,wGOP4I,Genderfluid,true,15.03.1996,1 PLN,149.51.73.112,Bengali
892,Kahaleel,Guile,kguileor@shutterfly.com,nP6zbs81,Genderqueer,false,24.03.2003,91 PLN,77.232.117.239,Khmer
893,Horatia,Cecchi,hcecchios@linkedin.com,NGrXB9G,Agender,false,07.08.2010,24 PLN,214.94.197.97,Hungarian
894,Sol,Sexty,ssextyot@yellowbook.com,kQ5c7t2x,Male,false,20.06.1988,70 PLN,219.168.201.93,Indonesian
895,Jeffry,Scowen,jscowenou@google.nl,qtAn0Xeu0,Polygender,true,01.02.2016,94 PLN,9.225.227.124,Sotho
896,Vince,Confort,vconfortov@thetimes.co.uk,vFM9IYyF,Genderqueer,false,18.01.1996,1 PLN,83.98.143.38,Sotho
897,Barnie,Rylatt,brylattow@berkeley.edu,p2YGzOQ9,Male,false,02.11.1991,54 PLN,254.9.221.203,Belarusian
898,Hamish,Lavrinov,hlavrinovox@1und1.de,scJ6Y5p,Female,true,28.09.2014,93 PLN,181.21.109.205,Bosnian
899,Franciska,Sweett,fsweettoy@xing.com,93QDrjY1XT,Polygender,true,05.06.2013,64 PLN,39.136.79.195,Nepali
900,Amy,Yerson,ayersonoz@unc.edu,EKosJYJ7vhPN,Polygender,false,26.11.1981,76 PLN,39.37.11.237,Haitian Creole
